path,box,label
train/3_64_0_4_0_2/0005.png,"[142,157,507,610]",1
train/2_54_0_4_0_2/0005.png,"[129,184,457,591]",1
train/1_18_0_4_0_4/0005.png,"[160,157,590,686]",1
train/1_12_0_4_0_3/0005.png,"[298,221,978,1178]",1
train/1_20_0_4_0_4/0004.png,"[171,71,690,768]",1
train/2_54_0_4_0_2/0002.png,"[106,146,486,616]",1
train/2_76_0_4_0_2/0004.png,"[124,122,506,625]",1
train/3_45_0_4_0_1/0009.png,"[51,86,205,263]",1
train/1_10_0_4_0_2/0007.png,"[131,149,450,536]",1
train/1_19_0_4_0_1/0002.png,"[104,122,405,488]",1
train/1_20_0_4_0_2/0004.png,"[169,135,634,733]",1
train/1_25_0_4_0_3/0002.png,"[423,258,1298,1434]",1
train/1_19_0_4_0_2/0008.png,"[125,144,440,528]",1
train/2_69_0_4_0_4/0004.png,"[95,146,397,500]",1
train/3_65_0_4_0_3/0000.png,"[155,150,474,570]",1
train/1_18_0_4_0_1/0009.png,"[93,85,336,409]",1
train/3_26_0_4_0_3/0007.png,"[97,138,414,524]",1
train/2_56_0_4_0_3/0005.png,"[165,102,587,657]",1
train/3_52_0_4_0_1/0000.png,"[140,146,458,531]",1
train/2_54_0_4_0_3/0006.png,"[265,329,904,1116]",1
train/1_23_0_4_0_3/0008.png,"[149,284,564,751]",1
train/2_78_0_4_0_4/0009.png,"[234,69,731,719]",1
train/3_59_0_4_0_4/0007.png,"[114,75,390,468]",1
train/3_64_0_4_0_4/0008.png,"[142,116,612,689]",1
train/3_26_0_4_0_2/0001.png,"[93,163,432,524]",1
train/1_10_0_4_0_3/0006.png,"[212,293,827,1028]",1
train/2_80_0_4_0_3/0006.png,"[163,109,547,609]",1
train/3_45_0_4_0_3/0009.png,"[144,167,440,525]",1
train/3_82_0_4_0_1/0003.png,"[120,144,379,452]",1
train/2_75_0_4_0_3/0004.png,"[207,333,878,1100]",1
train/2_55_0_4_0_2/0004.png,"[144,115,544,598]",1
train/1_07_0_4_0_1/0004.png,"[38,107,181,281]",1
train/1_25_0_4_0_1/0001.png,"[133,77,437,490]",1
train/2_70_0_4_0_4/0003.png,"[103,71,504,568]",1
train/3_32_0_4_0_1/0000.png,"[152,147,524,622]",1
train/1_12_0_4_0_2/0001.png,"[162,101,539,654]",1
train/3_31_0_4_0_3/0007.png,"[160,197,810,1012]",1
train/2_75_0_4_0_4/0000.png,"[115,101,494,598]",1
train/1_07_0_4_0_1/0000.png,"[88,93,243,284]",1
train/1_21_0_4_0_2/0007.png,"[185,233,608,779]",1
train/1_08_0_4_0_3/0009.png,"[193,151,868,1036]",1
train/1_20_0_4_0_2/0003.png,"[176,152,631,730]",1
train/1_19_0_4_0_1/0004.png,"[96,161,376,514]",1
train/2_72_0_4_0_4/0005.png,"[118,49,461,502]",1
train/3_32_0_4_0_2/0007.png,"[101,94,276,334]",1
train/3_40_0_4_0_2/0001.png,"[179,145,491,528]",1
train/2_55_0_4_0_3/0001.png,"[168,134,561,594]",1
train/1_24_0_4_0_3/0001.png,"[149,83,461,482]",1
train/3_82_0_4_0_3/0005.png,"[91,119,397,478]",1
train/3_45_0_4_0_2/0007.png,"[134,125,419,459]",1
train/2_73_0_4_0_3/0004.png,"[121,150,393,450]",1
train/1_06_0_4_0_2/0004.png,"[121,148,420,489]",1
train/3_81_0_4_0_4/0006.png,"[232,163,749,804]",1
train/3_59_0_4_0_2/0007.png,"[75,48,241,276]",1
train/1_21_0_4_0_4/0008.png,"[236,179,647,704]",1
train/3_32_0_4_0_2/0009.png,"[99,115,278,362]",1
train/2_56_0_4_0_2/0009.png,"[103,69,337,364]",1
train/2_77_0_4_0_3/0001.png,"[92,124,356,478]",1
train/3_52_0_4_0_2/0007.png,"[288,12,489,253]",1
train/3_32_0_4_0_3/0007.png,"[197,146,509,586]",1
train/2_79_0_4_0_2/0007.png,"[60,89,210,254]",1
train/3_26_0_4_0_1/0003.png,"[52,84,219,287]",1
train/3_65_0_4_0_3/0009.png,"[127,126,466,553]",1
train/1_25_0_4_0_3/0001.png,"[391,269,1306,1479]",1
train/1_06_0_4_0_1/0006.png,"[73,58,248,304]",1
train/1_07_0_4_0_2/0000.png,"[143,151,398,457]",1
train/3_26_0_4_0_1/0008.png,"[50,81,226,267]",1
train/2_78_0_4_0_4/0002.png,"[232,83,714,713]",1
train/2_76_0_4_0_4/0006.png,"[161,85,600,673]",1
train/3_81_0_4_0_1/0003.png,"[134,83,421,442]",1
train/2_69_0_4_0_2/0005.png,"[68,70,240,265]",1
train/3_52_0_4_0_1/0005.png,"[196,119,535,520]",1
train/2_70_0_4_0_2/0009.png,"[99,144,439,527]",1
train/1_13_0_4_0_2/0007.png,"[180,135,645,694]",1
train/1_08_0_4_0_3/0000.png,"[250,157,910,1036]",1
train/2_80_0_4_0_4/0009.png,"[93,107,357,452]",1
train/2_74_0_4_0_4/0005.png,"[139,90,448,518]",1
train/1_21_0_4_0_4/0002.png,"[198,193,612,720]",1
train/1_23_0_4_0_4/0005.png,"[253,147,632,591]",1
train/2_72_0_4_0_3/0004.png,"[215,187,817,981]",1
train/3_39_0_4_0_3/0004.png,"[101,174,336,459]",1
train/1_22_0_4_0_1/0009.png,"[99,106,346,421]",1
train/1_07_0_4_0_3/0002.png,"[175,124,455,486]",1
train/1_23_0_4_0_3/0007.png,"[267,193,656,682]",1
train/2_54_0_4_0_3/0000.png,"[232,254,878,1070]",1
train/2_72_0_4_0_2/0001.png,"[108,133,398,507]",1
train/2_77_0_4_0_1/0003.png,"[105,177,345,449]",1
train/2_79_0_4_0_2/0004.png,"[67,123,211,259]",1
train/2_76_0_4_0_1/0005.png,"[77,73,331,402]",1
train/3_45_0_4_0_1/0001.png,"[66,110,214,288]",1
train/3_45_0_4_0_3/0002.png,"[137,119,420,436]",1
train/2_56_0_4_0_3/0007.png,"[172,95,579,636]",1
train/3_39_0_4_0_1/0001.png,"[115,114,330,373]",1
train/3_26_0_4_0_3/0001.png,"[145,132,470,531]",1
train/3_81_0_4_0_4/0009.png,"[225,136,733,770]",1
train/2_56_0_4_0_2/0005.png,"[113,76,349,392]",1
train/2_80_0_4_0_3/0009.png,"[115,88,488,553]",1
train/2_78_0_4_0_3/0001.png,"[274,266,1018,1222]",1
train/3_53_0_4_0_2/0005.png,"[366,597,652,989]",1
train/2_79_0_4_0_4/0003.png,"[104,132,368,440]",1
train/2_69_0_4_0_4/0005.png,"[122,153,408,498]",1
train/2_80_0_4_0_2/0007.png,"[135,85,494,563]",1
train/1_13_0_4_0_2/0000.png,"[238,392,691,944]",1
train/2_69_0_4_0_2/0009.png,"[84,66,249,262]",1
train/1_23_0_4_0_3/0000.png,"[291,177,666,647]",1
train/3_65_0_4_0_1/0009.png,"[168,153,513,556]",1
train/1_10_0_4_0_3/0007.png,"[213,302,818,1022]",1
train/2_55_0_4_0_1/0009.png,"[74,125,275,357]",1
train/2_73_0_4_0_4/0008.png,"[160,176,349,406]",1
train/1_13_0_4_0_1/0000.png,"[175,219,452,567]",1
train/1_23_0_4_0_2/0007.png,"[142,101,329,348]",1
train/2_78_0_4_0_2/0003.png,"[121,147,529,649]",1
train/3_32_0_4_0_3/0002.png,"[139,168,456,612]",1
train/1_83_0_4_0_1/0009.png,"[102,62,413,476]",1
train/2_75_0_4_0_1/0008.png,"[87,74,289,371]",1
train/2_74_0_4_0_4/0008.png,"[153,110,447,534]",1
train/3_32_0_4_0_2/0002.png,"[86,113,263,356]",1
train/2_75_0_4_0_1/0000.png,"[79,79,294,352]",1
train/1_10_0_4_0_4/0009.png,"[171,134,503,586]",1
train/1_22_0_4_0_2/0008.png,"[134,146,540,663]",1
train/3_45_0_4_0_1/0008.png,"[50,91,204,276]",1
train/2_76_0_4_0_1/0008.png,"[90,73,343,412]",1
train/2_71_0_4_0_4/0003.png,"[130,200,325,424]",1
train/1_08_0_4_0_1/0001.png,"[76,42,300,339]",1
train/1_10_0_4_0_1/0000.png,"[56,89,246,334]",1
train/2_80_0_4_0_1/0008.png,"[69,67,267,325]",1
train/3_59_0_4_0_1/0005.png,"[129,36,421,439]",1
train/1_25_0_4_0_3/0000.png,"[250,249,1192,1499]",1
train/1_19_0_4_0_3/0002.png,"[129,202,410,566]",1
train/2_71_0_4_0_4/0006.png,"[123,198,326,413]",1
train/1_83_0_4_0_4/0000.png,"[116,51,420,474]",1
train/1_25_0_4_0_2/0007.png,"[216,156,656,764]",1
train/1_08_0_4_0_4/0000.png,"[112,85,510,578]",1
train/1_23_0_4_0_4/0008.png,"[182,261,558,691]",1
train/1_07_0_4_0_4/0006.png,"[137,181,398,490]",1
train/1_10_0_4_0_1/0001.png,"[72,86,259,333]",1
train/2_76_0_4_0_4/0007.png,"[173,80,592,635]",1
train/2_73_0_4_0_1/0005.png,"[63,148,192,298]",1
train/2_55_0_4_0_1/0003.png,"[86,93,287,352]",1
train/3_82_0_4_0_2/0000.png,"[52,67,200,233]",1
train/2_78_0_4_0_1/0000.png,"[124,76,369,400]",1
train/3_32_0_4_0_2/0001.png,"[83,88,264,313]",1
train/1_21_0_4_0_1/0000.png,"[242,117,656,628]",1
train/3_53_0_4_0_4/0006.png,"[158,136,549,653]",1
train/3_26_0_4_0_3/0008.png,"[110,157,416,527]",1
train/3_82_0_4_0_1/0006.png,"[86,131,370,470]",1
train/3_26_0_4_0_1/0006.png,"[48,72,224,287]",1
train/1_13_0_4_0_3/0004.png,"[447,626,1220,1652]",1
train/1_13_0_4_0_3/0009.png,"[279,144,1169,1247]",1
train/1_20_0_4_0_3/0009.png,"[330,255,1167,1333]",1
train/2_54_0_4_0_4/0009.png,"[144,90,552,641]",1
train/1_23_0_4_0_2/0009.png,"[121,98,317,354]",1
train/3_31_0_4_0_2/0004.png,"[120,157,503,626]",1
train/3_64_0_4_0_1/0008.png,"[104,83,355,398]",1
train/1_25_0_4_0_2/0000.png,"[145,157,619,773]",1
train/2_71_0_4_0_2/0004.png,"[64,74,182,225]",1
train/2_77_0_4_0_2/0000.png,"[52,78,214,291]",1
train/1_08_0_4_0_1/0009.png,"[80,46,299,333]",1
train/1_20_0_4_0_1/0009.png,"[106,46,431,437]",1
train/1_23_0_4_0_2/0003.png,"[118,174,343,402]",1
train/3_39_0_4_0_4/0005.png,"[110,136,319,390]",1
train/3_39_0_4_0_4/0006.png,"[74,203,269,438]",1
train/3_64_0_4_0_2/0003.png,"[127,106,519,595]",1
train/1_18_0_4_0_4/0003.png,"[161,126,586,694]",1
train/3_64_0_4_0_2/0000.png,"[148,145,519,599]",1
train/2_76_0_4_0_3/0004.png,"[253,277,977,1190]",1
train/3_64_0_4_0_1/0000.png,"[103,67,363,388]",1
train/1_06_0_4_0_2/0003.png,"[120,113,400,501]",1
train/2_80_0_4_0_2/0004.png,"[173,97,526,561]",1
train/2_75_0_4_0_2/0001.png,"[89,108,449,538]",1
train/3_64_0_4_0_1/0004.png,"[100,72,344,388]",1
train/1_23_0_4_0_4/0002.png,"[184,102,560,572]",1
train/3_45_0_4_0_2/0006.png,"[140,153,430,487]",1
train/2_79_0_4_0_4/0008.png,"[123,148,385,459]",1
train/2_71_0_4_0_3/0008.png,"[107,190,327,425]",1
train/2_80_0_4_0_1/0000.png,"[65,64,264,322]",1
train/1_25_0_4_0_2/0004.png,"[170,100,644,743]",1
train/1_20_0_4_0_3/0004.png,"[316,285,1151,1338]",1
train/1_18_0_4_0_3/0008.png,"[233,273,910,1166]",1
train/2_79_0_4_0_1/0007.png,"[91,163,347,458]",1
train/3_33_0_4_0_3/0006.png,"[226,132,880,1021]",1
train/3_34_0_4_0_3/0005.png,"[37,136,204,318]",1
train/1_25_0_4_0_4/0008.png,"[245,74,812,819]",1
train/1_19_0_4_0_4/0003.png,"[58,151,279,418]",1
train/3_52_0_4_0_2/0008.png,"[362,95,518,288]",1
train/3_52_0_4_0_4/0008.png,"[194,172,520,566]",1
train/2_74_0_4_0_1/0004.png,"[91,119,376,521]",1
train/1_19_0_4_0_4/0004.png,"[62,123,270,383]",1
train/3_40_0_4_0_4/0008.png,"[192,197,482,547]",1
train/2_54_0_4_0_4/0004.png,"[192,104,600,637]",1
train/3_65_0_4_0_2/0007.png,"[67,116,240,311]",1
train/1_19_0_4_0_3/0006.png,"[136,189,425,558]",1
train/2_55_0_4_0_2/0008.png,"[166,121,550,604]",1
train/2_80_0_4_0_4/0005.png,"[72,109,337,453]",1
train/1_20_0_4_0_4/0003.png,"[203,101,702,736]",1
train/3_31_0_4_0_1/0007.png,"[70,64,311,367]",1
train/3_39_0_4_0_2/0002.png,"[59,69,180,223]",1
train/1_06_0_4_0_2/0001.png,"[96,131,381,493]",1
train/1_13_0_4_0_2/0009.png,"[208,153,659,686]",1
train/2_79_0_4_0_2/0003.png,"[63,123,212,275]",1
train/1_23_0_4_0_1/0001.png,"[230,285,650,694]",1
train/3_45_0_4_0_2/0003.png,"[121,158,404,497]",1
train/3_59_0_4_0_3/0001.png,"[144,61,439,478]",1
train/2_71_0_4_0_2/0000.png,"[42,90,166,224]",1
train/3_65_0_4_0_3/0007.png,"[146,116,470,529]",1
train/1_13_0_4_0_3/0006.png,"[359,254,1172,1235]",1
train/1_22_0_4_0_2/0004.png,"[162,204,533,674]",1
train/2_54_0_4_0_4/0002.png,"[120,96,540,658]",1
train/1_24_0_4_0_2/0001.png,"[177,109,492,499]",1
train/2_55_0_4_0_1/0002.png,"[88,90,279,346]",1
train/3_64_0_4_0_2/0007.png,"[158,165,515,616]",1
train/2_77_0_4_0_1/0007.png,"[105,167,346,448]",1
train/1_12_0_4_0_4/0004.png,"[155,111,585,693]",1
train/1_18_0_4_0_3/0003.png,"[201,194,931,1158]",1
train/1_06_0_4_0_2/0005.png,"[91,156,396,512]",1
train/1_19_0_4_0_2/0002.png,"[125,144,446,535]",1
train/3_53_0_4_0_1/0009.png,"[100,114,318,372]",1
train/3_40_0_4_0_1/0006.png,"[92,109,256,306]",1
train/1_23_0_4_0_4/0001.png,"[172,290,623,676]",1
train/1_18_0_4_0_2/0000.png,"[136,195,502,647]",1
train/2_69_0_4_0_3/0003.png,"[101,131,397,472]",1
train/3_40_0_4_0_4/0006.png,"[192,165,506,540]",1
train/2_71_0_4_0_4/0005.png,"[121,159,321,388]",1
train/1_08_0_4_0_2/0005.png,"[125,101,472,547]",1
train/2_72_0_4_0_3/0007.png,"[191,154,837,979]",1
train/1_18_0_4_0_1/0006.png,"[109,63,353,396]",1
train/2_55_0_4_0_3/0003.png,"[146,129,548,651]",1
train/2_74_0_4_0_1/0001.png,"[113,142,407,536]",1
train/3_40_0_4_0_1/0002.png,"[61,77,218,279]",1
train/1_13_0_4_0_2/0003.png,"[262,358,690,906]",1
train/3_32_0_4_0_4/0006.png,"[155,199,473,654]",1
train/2_70_0_4_0_1/0000.png,"[92,74,290,319]",1
train/3_81_0_4_0_1/0005.png,"[127,95,388,443]",1
train/3_40_0_4_0_1/0009.png,"[71,75,236,280]",1
train/3_59_0_4_0_3/0005.png,"[115,84,413,487]",1
train/1_25_0_4_0_4/0007.png,"[239,82,802,828]",1
train/3_81_0_4_0_4/0005.png,"[161,103,695,793]",1
train/2_54_0_4_0_3/0001.png,"[228,194,885,1025]",1
train/1_13_0_4_0_3/0002.png,"[447,618,1274,1631]",1
train/2_73_0_4_0_3/0005.png,"[135,267,423,574]",1
train/2_78_0_4_0_3/0005.png,"[297,200,1057,1174]",1
train/1_07_0_4_0_3/0001.png,"[163,123,460,491]",1
train/1_18_0_4_0_2/0004.png,"[142,172,508,642]",1
train/2_75_0_4_0_4/0003.png,"[95,111,491,579]",1
train/3_39_0_4_0_4/0009.png,"[127,170,330,414]",1
train/2_73_0_4_0_1/0007.png,"[62,107,196,273]",1
train/3_40_0_4_0_2/0000.png,"[177,204,475,559]",1
train/2_77_0_4_0_1/0004.png,"[109,124,366,450]",1
train/2_69_0_4_0_2/0000.png,"[67,76,239,278]",1
train/2_71_0_4_0_3/0007.png,"[114,118,335,371]",1
train/2_72_0_4_0_4/0006.png,"[111,27,459,503]",1
train/1_12_0_4_0_1/0002.png,"[101,31,343,398]",1
train/1_23_0_4_0_1/0006.png,"[146,314,609,682]",1
train/3_45_0_4_0_3/0008.png,"[134,158,425,522]",1
train/3_64_0_4_0_3/0008.png,"[241,295,979,1209]",1
train/3_64_0_4_0_4/0000.png,"[164,87,648,704]",1
train/3_45_0_4_0_4/0002.png,"[69,146,256,362]",1
train/2_75_0_4_0_4/0002.png,"[116,142,476,603]",1
train/3_53_0_4_0_2/0001.png,"[376,549,666,967]",1
train/3_53_0_4_0_4/0008.png,"[117,147,515,672]",1
train/1_21_0_4_0_4/0004.png,"[205,139,604,642]",1
train/3_32_0_4_0_4/0007.png,"[186,158,492,597]",1
train/1_22_0_4_0_2/0007.png,"[131,149,544,680]",1
train/3_82_0_4_0_4/0002.png,"[111,140,386,464]",1
train/2_71_0_4_0_1/0002.png,"[137,108,345,353]",1
train/3_45_0_4_0_4/0009.png,"[93,138,289,380]",1
train/1_13_0_4_0_4/0005.png,"[333,183,808,756]",1
train/3_26_0_4_0_2/0000.png,"[94,170,429,526]",1
train/1_07_0_4_0_2/0007.png,"[145,130,409,445]",1
train/2_75_0_4_0_1/0004.png,"[72,80,298,358]",1
train/2_74_0_4_0_4/0001.png,"[112,137,423,561]",1
train/2_78_0_4_0_4/0001.png,"[217,71,694,655]",1
train/2_70_0_4_0_3/0007.png,"[250,271,879,1026]",1
train/3_59_0_4_0_1/0002.png,"[137,61,435,485]",1
train/2_78_0_4_0_2/0000.png,"[129,74,546,611]",1
train/3_59_0_4_0_2/0009.png,"[62,90,240,309]",1
train/2_73_0_4_0_1/0003.png,"[112,141,253,304]",1
train/1_12_0_4_0_4/0001.png,"[178,59,593,657]",1
train/3_64_0_4_0_2/0008.png,"[136,147,515,619]",1
train/1_83_0_4_0_3/0000.png,"[105,67,414,488]",1
train/1_21_0_4_0_3/0006.png,"[188,203,603,727]",1
train/3_31_0_4_0_4/0000.png,"[121,140,544,678]",1
train/1_23_0_4_0_1/0008.png,"[229,325,648,694]",1
train/2_70_0_4_0_4/0002.png,"[130,98,509,593]",1
train/1_20_0_4_0_3/0002.png,"[306,247,1156,1343]",1
train/3_39_0_4_0_2/0007.png,"[67,93,210,239]",1
train/3_39_0_4_0_2/0008.png,"[35,76,174,237]",1
train/1_08_0_4_0_2/0007.png,"[107,85,457,530]",1
train/1_06_0_4_0_3/0009.png,"[221,326,748,1019]",1
train/1_24_0_4_0_4/0007.png,"[176,173,393,462]",1
train/1_23_0_4_0_4/0007.png,"[190,124,563,559]",1
train/1_22_0_4_0_3/0006.png,"[241,273,1007,1266]",1
train/1_10_0_4_0_4/0002.png,"[96,135,424,545]",1
train/1_07_0_4_0_1/0009.png,"[76,115,213,285]",1
train/3_52_0_4_0_4/0006.png,"[185,170,517,585]",1
train/2_56_0_4_0_3/0001.png,"[183,81,571,611]",1
train/2_78_0_4_0_3/0002.png,"[271,182,1036,1135]",1
train/1_22_0_4_0_4/0000.png,"[87,103,589,734]",1
train/2_69_0_4_0_3/0001.png,"[96,104,409,463]",1
train/3_59_0_4_0_4/0006.png,"[113,87,396,473]",1
train/3_39_0_4_0_4/0000.png,"[133,166,346,420]",1
train/3_59_0_4_0_3/0008.png,"[139,86,448,516]",1
train/2_72_0_4_0_4/0003.png,"[118,39,476,513]",1
train/1_21_0_4_0_2/0000.png,"[201,167,620,694]",1
train/1_83_0_4_0_2/0006.png,"[53,41,238,284]",1
train/2_54_0_4_0_4/0006.png,"[163,94,572,650]",1
train/2_70_0_4_0_3/0003.png,"[208,400,844,1040]",1
train/3_65_0_4_0_2/0005.png,"[62,101,230,306]",1
train/3_39_0_4_0_1/0007.png,"[91,150,296,409]",1
train/3_53_0_4_0_2/0004.png,"[325,551,624,976]",1
train/1_08_0_4_0_4/0007.png,"[125,66,514,566]",1
train/3_31_0_4_0_3/0009.png,"[148,224,808,1003]",1
train/3_39_0_4_0_4/0003.png,"[93,148,293,414]",1
train/2_56_0_4_0_3/0004.png,"[205,135,614,713]",1
train/2_73_0_4_0_3/0000.png,"[186,220,441,530]",1
train/2_70_0_4_0_2/0003.png,"[96,141,436,546]",1
train/3_32_0_4_0_2/0003.png,"[96,97,279,349]",1
train/1_12_0_4_0_1/0005.png,"[81,21,337,389]",1
train/3_81_0_4_0_4/0007.png,"[201,126,688,775]",1
train/1_25_0_4_0_4/0001.png,"[241,69,799,808]",1
train/2_78_0_4_0_4/0007.png,"[231,40,727,711]",1
train/2_70_0_4_0_2/0005.png,"[123,113,449,521]",1
train/3_59_0_4_0_4/0004.png,"[136,66,419,470]",1
train/3_64_0_4_0_3/0005.png,"[222,299,950,1216]",1
train/2_73_0_4_0_1/0008.png,"[110,144,250,304]",1
train/1_24_0_4_0_4/0005.png,"[161,193,365,456]",1
train/2_70_0_4_0_3/0005.png,"[210,317,807,1042]",1
train/1_24_0_4_0_2/0007.png,"[244,115,549,515]",1
train/1_18_0_4_0_4/0002.png,"[171,150,602,695]",1
train/3_64_0_4_0_1/0002.png,"[97,76,350,386]",1
train/1_23_0_4_0_3/0004.png,"[167,174,567,653]",1
train/1_23_0_4_0_2/0002.png,"[120,100,326,349]",1
train/3_32_0_4_0_3/0006.png,"[185,196,492,632]",1
train/1_12_0_4_0_3/0007.png,"[258,77,991,1133]",1
train/2_74_0_4_0_2/0005.png,"[71,72,248,313]",1
train/3_45_0_4_0_2/0001.png,"[114,156,404,501]",1
train/2_74_0_4_0_3/0003.png,"[104,126,419,565]",1
train/3_64_0_4_0_4/0009.png,"[152,112,598,678]",1
train/2_78_0_4_0_2/0005.png,"[132,167,555,679]",1
train/3_81_0_4_0_1/0008.png,"[138,104,404,470]",1
train/1_22_0_4_0_4/0003.png,"[162,138,594,713]",1
train/3_82_0_4_0_2/0002.png,"[47,61,204,239]",1
train/3_26_0_4_0_3/0009.png,"[105,165,404,522]",1
train/1_10_0_4_0_4/0000.png,"[114,141,445,566]",1
train/2_76_0_4_0_4/0004.png,"[152,60,592,633]",1
train/1_23_0_4_0_2/0001.png,"[116,186,329,414]",1
train/2_74_0_4_0_2/0002.png,"[58,65,237,300]",1
train/1_12_0_4_0_2/0008.png,"[173,64,563,625]",1
train/3_52_0_4_0_2/0006.png,"[364,44,546,250]",1
train/1_22_0_4_0_2/0006.png,"[170,172,563,680]",1
train/1_21_0_4_0_2/0008.png,"[226,213,642,733]",1
train/1_23_0_4_0_2/0006.png,"[84,173,288,411]",1
train/1_22_0_4_0_3/0002.png,"[185,276,958,1294]",1
train/2_75_0_4_0_4/0004.png,"[116,122,515,613]",1
train/3_32_0_4_0_3/0001.png,"[155,126,479,564]",1
train/1_21_0_4_0_2/0001.png,"[249,210,621,696]",1
train/3_45_0_4_0_2/0008.png,"[131,123,417,451]",1
train/2_55_0_4_0_3/0009.png,"[132,194,528,675]",1
train/2_54_0_4_0_3/0003.png,"[261,323,903,1117]",1
train/3_59_0_4_0_4/0008.png,"[119,63,400,458]",1
train/1_12_0_4_0_3/0000.png,"[304,158,1012,1185]",1
train/2_56_0_4_0_1/0003.png,"[115,58,534,575]",1
train/1_18_0_4_0_2/0003.png,"[133,170,503,652]",1
train/2_76_0_4_0_1/0004.png,"[69,86,337,412]",1
train/3_53_0_4_0_3/0000.png,"[225,158,875,1014]",1
train/3_52_0_4_0_4/0004.png,"[190,176,511,559]",1
train/3_40_0_4_0_3/0000.png,"[173,130,513,512]",1
train/2_76_0_4_0_1/0001.png,"[77,66,338,412]",1
train/1_24_0_4_0_4/0002.png,"[176,113,399,394]",1
train/1_20_0_4_0_1/0000.png,"[91,35,397,408]",1
train/2_71_0_4_0_2/0009.png,"[48,69,182,221]",1
train/2_55_0_4_0_1/0007.png,"[87,110,293,345]",1
train/3_82_0_4_0_1/0007.png,"[99,131,375,457]",1
train/1_07_0_4_0_2/0004.png,"[162,151,410,460]",1
train/3_26_0_4_0_4/0002.png,"[110,110,412,472]",1
train/3_40_0_4_0_4/0004.png,"[110,157,407,539]",1
train/2_80_0_4_0_3/0004.png,"[111,107,502,601]",1
train/2_73_0_4_0_1/0002.png,"[45,111,179,272]",1
train/1_07_0_4_0_3/0003.png,"[175,127,437,467]",1
train/1_06_0_4_0_1/0009.png,"[74,87,242,320]",1
train/2_70_0_4_0_1/0009.png,"[80,63,298,332]",1
train/1_21_0_4_0_2/0005.png,"[191,210,622,730]",1
train/1_12_0_4_0_2/0005.png,"[146,97,532,646]",1
train/1_18_0_4_0_2/0006.png,"[121,167,492,638]",1
train/1_06_0_4_0_4/0007.png,"[83,94,394,531]",1
train/3_26_0_4_0_3/0005.png,"[109,141,414,511]",1
train/1_10_0_4_0_2/0000.png,"[104,144,420,536]",1
train/2_71_0_4_0_3/0001.png,"[91,118,333,390]",1
train/2_75_0_4_0_3/0001.png,"[195,254,844,1099]",1
train/1_08_0_4_0_1/0006.png,"[77,55,299,346]",1
train/1_22_0_4_0_1/0003.png,"[81,81,344,415]",1
train/3_65_0_4_0_3/0004.png,"[120,185,455,584]",1
train/3_32_0_4_0_1/0007.png,"[158,142,514,622]",1
train/1_12_0_4_0_1/0000.png,"[107,38,351,398]",1
train/2_69_0_4_0_2/0006.png,"[79,62,251,262]",1
train/3_26_0_4_0_4/0008.png,"[101,146,399,499]",1
train/1_06_0_4_0_1/0004.png,"[70,76,245,303]",1
train/1_20_0_4_0_4/0002.png,"[167,70,702,750]",1
train/2_73_0_4_0_1/0000.png,"[83,156,213,302]",1
train/1_23_0_4_0_4/0000.png,"[237,138,601,574]",1
train/1_23_0_4_0_2/0000.png,"[148,110,339,356]",1
train/3_32_0_4_0_4/0004.png,"[161,122,490,566]",1
train/1_23_0_4_0_1/0007.png,"[187,136,577,591]",1
train/3_65_0_4_0_2/0009.png,"[76,147,243,315]",1
train/3_64_0_4_0_3/0003.png,"[258,240,994,1208]",1
train/1_19_0_4_0_1/0008.png,"[124,115,422,482]",1
train/2_74_0_4_0_4/0007.png,"[115,152,406,543]",1
train/2_75_0_4_0_4/0006.png,"[129,113,518,616]",1
train/1_24_0_4_0_1/0003.png,"[89,118,244,313]",1
train/1_08_0_4_0_4/0006.png,"[107,74,511,596]",1
train/2_80_0_4_0_1/0001.png,"[66,61,264,319]",1
train/3_32_0_4_0_4/0002.png,"[136,179,478,627]",1
train/1_06_0_4_0_2/0007.png,"[108,155,428,512]",1
train/1_23_0_4_0_4/0003.png,"[234,228,622,687]",1
train/1_22_0_4_0_1/0002.png,"[65,67,322,416]",1
train/3_81_0_4_0_2/0009.png,"[231,254,663,788]",1
train/3_81_0_4_0_1/0007.png,"[131,81,398,427]",1
train/3_53_0_4_0_1/0003.png,"[110,90,327,372]",1
train/2_80_0_4_0_2/0008.png,"[138,94,505,567]",1
train/1_25_0_4_0_2/0002.png,"[194,113,655,739]",1
train/2_80_0_4_0_1/0004.png,"[70,89,264,340]",1
train/3_26_0_4_0_3/0006.png,"[97,125,420,511]",1
train/3_65_0_4_0_4/0004.png,"[132,110,485,543]",1
train/1_19_0_4_0_4/0002.png,"[88,147,311,415]",1
train/3_33_0_4_0_3/0009.png,"[228,111,873,1029]",1
train/1_22_0_4_0_4/0002.png,"[114,107,571,710]",1
train/2_69_0_4_0_1/0009.png,"[91,168,386,509]",1
train/1_20_0_4_0_4/0006.png,"[200,90,716,761]",1
train/2_76_0_4_0_2/0007.png,"[120,109,511,622]",1
train/2_80_0_4_0_1/0003.png,"[65,87,264,344]",1
train/1_18_0_4_0_3/0009.png,"[222,290,914,1154]",1
train/2_75_0_4_0_3/0006.png,"[217,313,885,1099]",1
train/2_74_0_4_0_2/0003.png,"[80,90,250,306]",1
train/3_26_0_4_0_1/0000.png,"[54,107,226,315]",1
train/1_13_0_4_0_4/0002.png,"[297,315,799,951]",1
train/3_40_0_4_0_2/0002.png,"[183,91,485,459]",1
train/1_08_0_4_0_3/0003.png,"[183,127,861,1023]",1
train/2_55_0_4_0_4/0002.png,"[102,139,486,589]",1
train/2_80_0_4_0_3/0003.png,"[134,100,513,572]",1
train/3_53_0_4_0_2/0003.png,"[320,477,670,951]",1
train/2_77_0_4_0_1/0009.png,"[95,133,354,448]",1
train/1_25_0_4_0_1/0008.png,"[169,88,468,499]",1
train/1_19_0_4_0_1/0009.png,"[128,159,429,505]",1
train/2_70_0_4_0_1/0002.png,"[87,68,300,343]",1
train/2_75_0_4_0_3/0003.png,"[226,299,842,1100]",1
train/3_64_0_4_0_3/0000.png,"[298,272,1015,1191]",1
train/1_07_0_4_0_3/0005.png,"[186,152,433,468]",1
train/2_77_0_4_0_2/0008.png,"[57,109,241,290]",1
train/2_75_0_4_0_3/0000.png,"[218,319,865,1099]",1
train/1_07_0_4_0_4/0002.png,"[178,179,437,491]",1
train/3_33_0_4_0_3/0007.png,"[236,90,865,1023]",1
train/1_19_0_4_0_2/0009.png,"[106,114,412,499]",1
train/1_25_0_4_0_2/0001.png,"[181,104,644,745]",1
train/1_12_0_4_0_1/0003.png,"[83,27,346,403]",1
train/2_70_0_4_0_2/0002.png,"[124,129,448,521]",1
train/1_13_0_4_0_2/0005.png,"[268,408,709,912]",1
train/2_71_0_4_0_2/0003.png,"[50,88,173,223]",1
train/3_32_0_4_0_2/0008.png,"[96,91,273,339]",1
train/2_76_0_4_0_2/0002.png,"[112,120,512,609]",1
train/3_26_0_4_0_2/0008.png,"[118,161,425,527]",1
train/2_54_0_4_0_3/0009.png,"[256,274,913,1091]",1
train/3_26_0_4_0_4/0000.png,"[106,192,420,509]",1
train/1_24_0_4_0_2/0009.png,"[248,98,566,504]",1
train/1_19_0_4_0_2/0003.png,"[85,122,403,512]",1
train/2_79_0_4_0_3/0004.png,"[151,198,414,478]",1
train/3_53_0_4_0_4/0007.png,"[132,131,516,634]",1
train/2_79_0_4_0_3/0009.png,"[74,177,344,465]",1
train/2_76_0_4_0_3/0009.png,"[236,319,1043,1227]",1
train/3_45_0_4_0_2/0009.png,"[137,125,416,458]",1
train/2_77_0_4_0_2/0002.png,"[56,85,218,290]",1
train/3_40_0_4_0_2/0004.png,"[164,155,469,536]",1
train/1_83_0_4_0_3/0004.png,"[115,101,430,520]",1
train/3_39_0_4_0_3/0003.png,"[113,119,343,398]",1
train/2_54_0_4_0_1/0008.png,"[128,98,354,398]",1
train/1_23_0_4_0_1/0009.png,"[141,200,566,643]",1
train/1_19_0_4_0_4/0008.png,"[78,122,304,396]",1
train/3_53_0_4_0_4/0000.png,"[127,109,506,588]",1
train/3_53_0_4_0_2/0008.png,"[381,567,661,996]",1
train/2_56_0_4_0_2/0007.png,"[98,53,327,349]",1
train/3_59_0_4_0_2/0006.png,"[61,51,224,279]",1
train/2_79_0_4_0_2/0008.png,"[51,110,188,260]",1
train/2_76_0_4_0_4/0000.png,"[167,66,613,653]",1
train/2_80_0_4_0_3/0007.png,"[160,85,553,611]",1
train/3_59_0_4_0_2/0003.png,"[93,74,262,300]",1
train/1_83_0_4_0_4/0009.png,"[103,74,410,508]",1
train/3_81_0_4_0_4/0001.png,"[237,92,757,761]",1
train/3_40_0_4_0_1/0000.png,"[86,108,236,309]",1
train/2_80_0_4_0_3/0000.png,"[165,96,536,566]",1
train/1_21_0_4_0_4/0009.png,"[259,210,674,722]",1
train/1_12_0_4_0_2/0006.png,"[151,92,542,633]",1
train/2_78_0_4_0_3/0004.png,"[293,304,1030,1261]",1
train/2_78_0_4_0_2/0001.png,"[184,89,583,619]",1
train/1_20_0_4_0_2/0000.png,"[157,125,594,675]",1
train/2_76_0_4_0_4/0008.png,"[160,81,617,657]",1
train/2_54_0_4_0_2/0004.png,"[154,75,507,569]",1
train/2_73_0_4_0_4/0001.png,"[114,155,302,368]",1
train/3_65_0_4_0_1/0007.png,"[173,196,511,601]",1
train/3_45_0_4_0_3/0006.png,"[98,156,396,521]",1
train/2_56_0_4_0_4/0007.png,"[110,92,489,585]",1
train/2_69_0_4_0_4/0007.png,"[127,163,433,508]",1
train/1_08_0_4_0_1/0002.png,"[85,46,308,335]",1
train/2_73_0_4_0_4/0003.png,"[160,190,349,411]",1
train/3_39_0_4_0_2/0003.png,"[70,94,205,238]",1
train/2_71_0_4_0_1/0005.png,"[120,114,335,377]",1
train/2_56_0_4_0_2/0002.png,"[107,50,325,341]",1
train/3_39_0_4_0_4/0007.png,"[113,143,338,418]",1
train/3_26_0_4_0_1/0005.png,"[44,82,215,287]",1
train/1_22_0_4_0_4/0009.png,"[128,107,599,708]",1
train/1_12_0_4_0_2/0004.png,"[142,139,530,661]",1
train/1_83_0_4_0_3/0006.png,"[115,93,448,528]",1
train/2_72_0_4_0_4/0002.png,"[112,45,484,517]",1
train/3_81_0_4_0_1/0009.png,"[125,76,416,449]",1
train/1_08_0_4_0_3/0007.png,"[213,146,884,1036]",1
train/3_26_0_4_0_1/0009.png,"[41,85,213,290]",1
train/2_55_0_4_0_3/0007.png,"[147,180,554,650]",1
train/2_79_0_4_0_2/0006.png,"[68,115,216,263]",1
train/3_45_0_4_0_3/0007.png,"[109,162,420,525]",1
train/1_23_0_4_0_1/0004.png,"[141,195,536,666]",1
train/3_82_0_4_0_3/0006.png,"[117,145,385,474]",1
train/1_10_0_4_0_2/0001.png,"[101,142,417,538]",1
train/1_24_0_4_0_4/0000.png,"[134,137,351,411]",1
train/1_21_0_4_0_3/0005.png,"[199,237,619,769]",1
train/2_56_0_4_0_4/0005.png,"[138,168,513,641]",1
train/1_20_0_4_0_3/0008.png,"[289,270,1117,1314]",1
train/1_07_0_4_0_3/0004.png,"[186,132,445,466]",1
train/3_53_0_4_0_3/0004.png,"[194,70,724,905]",1
train/3_26_0_4_0_4/0005.png,"[99,141,400,499]",1
train/2_72_0_4_0_2/0002.png,"[121,130,408,511]",1
train/1_83_0_4_0_1/0001.png,"[102,37,418,466]",1
train/3_82_0_4_0_2/0003.png,"[57,63,205,238]",1
train/2_54_0_4_0_1/0004.png,"[94,35,329,347]",1
train/3_40_0_4_0_3/0009.png,"[135,143,468,576]",1
train/2_55_0_4_0_2/0007.png,"[186,127,562,604]",1
train/1_21_0_4_0_3/0001.png,"[191,222,636,757]",1
train/2_78_0_4_0_4/0000.png,"[207,102,659,661]",1
train/3_40_0_4_0_4/0001.png,"[136,141,439,541]",1
train/3_39_0_4_0_3/0009.png,"[89,133,302,414]",1
train/2_74_0_4_0_3/0009.png,"[128,98,429,527]",1
train/1_22_0_4_0_1/0007.png,"[93,68,358,408]",1
train/2_78_0_4_0_4/0005.png,"[240,160,686,759]",1
train/3_65_0_4_0_1/0001.png,"[98,101,472,536]",1
train/1_21_0_4_0_1/0002.png,"[240,146,681,686]",1
train/2_75_0_4_0_2/0005.png,"[105,164,426,541]",1
train/1_19_0_4_0_3/0005.png,"[102,132,418,515]",1
train/2_55_0_4_0_4/0004.png,"[118,135,507,606]",1
train/2_71_0_4_0_3/0002.png,"[132,128,362,407]",1
train/2_71_0_4_0_3/0005.png,"[127,159,348,417]",1
train/3_32_0_4_0_3/0009.png,"[163,188,485,630]",1
train/2_72_0_4_0_1/0009.png,"[69,53,255,286]",1
train/2_55_0_4_0_3/0006.png,"[195,182,599,643]",1
train/2_55_0_4_0_4/0009.png,"[119,135,493,588]",1
train/3_52_0_4_0_3/0009.png,"[112,153,462,568]",1
train/2_75_0_4_0_3/0005.png,"[250,364,850,1099]",1
train/3_82_0_4_0_4/0005.png,"[86,128,369,466]",1
train/3_45_0_4_0_3/0005.png,"[117,143,404,486]",1
train/2_73_0_4_0_2/0008.png,"[177,147,441,476]",1
train/1_06_0_4_0_3/0007.png,"[172,230,699,953]",1
train/1_22_0_4_0_3/0005.png,"[227,248,1029,1251]",1
train/3_81_0_4_0_2/0008.png,"[168,177,600,757]",1
train/3_82_0_4_0_1/0009.png,"[79,125,349,444]",1
train/1_12_0_4_0_3/0004.png,"[263,109,1018,1166]",1
train/1_22_0_4_0_2/0003.png,"[139,143,548,694]",1
train/3_64_0_4_0_1/0007.png,"[104,75,352,397]",1
train/3_82_0_4_0_2/0004.png,"[54,62,196,234]",1
train/3_53_0_4_0_3/0007.png,"[262,154,866,1025]",1
train/1_06_0_4_0_3/0001.png,"[187,278,700,991]",1
train/1_24_0_4_0_2/0002.png,"[169,170,468,547]",1
train/2_76_0_4_0_1/0006.png,"[85,78,344,412]",1
train/1_24_0_4_0_1/0007.png,"[112,148,266,341]",1
train/1_23_0_4_0_1/0003.png,"[252,249,664,687]",1
train/3_52_0_4_0_4/0005.png,"[102,250,401,596]",1
train/3_40_0_4_0_3/0008.png,"[214,142,528,524]",1
train/3_59_0_4_0_2/0002.png,"[75,56,250,282]",1
train/2_54_0_4_0_3/0008.png,"[282,242,927,1076]",1
train/3_59_0_4_0_3/0004.png,"[113,78,414,516]",1
train/3_31_0_4_0_3/0001.png,"[142,184,806,1010]",1
train/1_19_0_4_0_3/0007.png,"[97,122,407,519]",1
train/3_65_0_4_0_3/0005.png,"[162,133,500,564]",1
train/1_23_0_4_0_2/0008.png,"[103,182,323,418]",1
train/1_24_0_4_0_1/0002.png,"[133,92,289,290]",1
train/2_71_0_4_0_3/0006.png,"[82,171,301,416]",1
train/2_55_0_4_0_2/0006.png,"[206,167,575,603]",1
train/3_53_0_4_0_4/0002.png,"[136,147,528,663]",1
train/3_40_0_4_0_3/0002.png,"[170,172,485,560]",1
train/3_31_0_4_0_2/0001.png,"[121,164,513,633]",1
train/2_74_0_4_0_2/0009.png,"[60,88,237,308]",1
train/1_83_0_4_0_3/0008.png,"[108,52,413,475]",1
train/2_74_0_4_0_3/0000.png,"[106,153,423,576]",1
train/3_39_0_4_0_3/0000.png,"[86,138,298,418]",1
train/1_10_0_4_0_2/0005.png,"[113,169,406,537]",1
train/1_08_0_4_0_2/0002.png,"[142,87,495,532]",1
train/1_13_0_4_0_2/0004.png,"[277,388,707,912]",1
train/3_81_0_4_0_2/0007.png,"[219,224,647,767]",1
train/2_56_0_4_0_1/0002.png,"[95,62,527,597]",1
train/1_24_0_4_0_1/0006.png,"[113,96,271,303]",1
train/2_79_0_4_0_3/0005.png,"[152,204,420,485]",1
train/2_73_0_4_0_2/0004.png,"[86,216,353,522]",1
train/2_80_0_4_0_3/0001.png,"[149,76,516,557]",1
train/1_83_0_4_0_1/0000.png,"[99,48,404,463]",1
train/1_25_0_4_0_2/0009.png,"[201,138,676,765]",1
train/1_13_0_4_0_3/0008.png,"[280,173,1115,1217]",1
train/1_06_0_4_0_2/0006.png,"[86,135,390,510]",1
train/2_77_0_4_0_1/0008.png,"[123,143,376,459]",1
train/1_12_0_4_0_3/0009.png,"[317,124,1010,1193]",1
train/3_53_0_4_0_3/0006.png,"[254,286,907,1096]",1
train/3_31_0_4_0_3/0004.png,"[154,126,856,1016]",1
train/3_59_0_4_0_1/0004.png,"[107,29,403,446]",1
train/2_78_0_4_0_4/0003.png,"[197,73,684,733]",1
train/1_10_0_4_0_3/0000.png,"[173,260,764,989]",1
train/3_53_0_4_0_2/0007.png,"[348,587,641,1001]",1
train/1_20_0_4_0_2/0008.png,"[180,123,663,730]",1
train/2_78_0_4_0_2/0009.png,"[184,143,591,665]",1
train/1_24_0_4_0_2/0000.png,"[202,102,514,496]",1
train/2_71_0_4_0_2/0001.png,"[66,73,195,221]",1
train/3_32_0_4_0_4/0001.png,"[154,155,488,579]",1
train/3_32_0_4_0_1/0001.png,"[134,155,487,630]",1
train/2_70_0_4_0_3/0004.png,"[240,243,867,1016]",1
train/2_73_0_4_0_4/0005.png,"[118,231,296,426]",1
train/3_65_0_4_0_2/0000.png,"[73,123,239,311]",1
train/3_82_0_4_0_2/0006.png,"[38,57,198,240]",1
train/2_54_0_4_0_2/0006.png,"[133,137,463,566]",1
train/3_40_0_4_0_1/0007.png,"[66,79,227,283]",1
train/2_77_0_4_0_2/0004.png,"[58,84,221,291]",1
train/2_79_0_4_0_2/0002.png,"[59,119,206,278]",1
train/3_81_0_4_0_2/0003.png,"[156,194,609,785]",1
train/2_70_0_4_0_2/0008.png,"[131,116,466,530]",1
train/2_69_0_4_0_4/0008.png,"[138,152,434,493]",1
train/3_82_0_4_0_4/0003.png,"[102,139,389,479]",1
train/3_59_0_4_0_2/0001.png,"[74,49,250,293]",1
train/3_40_0_4_0_4/0000.png,"[152,130,466,516]",1
train/3_40_0_4_0_2/0006.png,"[109,141,415,530]",1
train/1_13_0_4_0_4/0003.png,"[293,335,756,937]",1
train/2_72_0_4_0_3/0006.png,"[239,188,826,979]",1
train/1_07_0_4_0_3/0007.png,"[103,124,367,457]",1
train/3_40_0_4_0_4/0002.png,"[184,166,455,550]",1
train/2_80_0_4_0_2/0001.png,"[150,97,508,558]",1
train/3_26_0_4_0_3/0003.png,"[134,131,445,506]",1
train/1_19_0_4_0_1/0005.png,"[117,115,404,480]",1
train/1_23_0_4_0_3/0001.png,"[226,313,611,741]",1
train/1_08_0_4_0_1/0005.png,"[75,46,295,326]",1
train/2_69_0_4_0_3/0006.png,"[132,129,428,490]",1
train/1_24_0_4_0_4/0003.png,"[115,165,328,427]",1
train/1_20_0_4_0_1/0005.png,"[103,57,413,435]",1
train/2_80_0_4_0_4/0004.png,"[79,120,341,449]",1
train/3_39_0_4_0_1/0005.png,"[113,137,328,401]",1
train/3_52_0_4_0_1/0002.png,"[120,145,439,522]",1
train/2_80_0_4_0_1/0006.png,"[81,65,272,316]",1
train/2_69_0_4_0_3/0008.png,"[116,146,417,511]",1
train/2_55_0_4_0_4/0001.png,"[126,122,501,604]",1
train/1_10_0_4_0_2/0002.png,"[90,130,410,542]",1
train/1_06_0_4_0_3/0003.png,"[182,243,720,950]",1
train/3_45_0_4_0_1/0005.png,"[50,98,214,273]",1
train/2_69_0_4_0_4/0006.png,"[139,162,438,509]",1
train/2_79_0_4_0_2/0001.png,"[68,104,209,260]",1
train/2_72_0_4_0_3/0003.png,"[226,219,796,969]",1
train/1_25_0_4_0_1/0007.png,"[173,101,462,498]",1
train/1_20_0_4_0_1/0008.png,"[100,51,422,422]",1
train/1_83_0_4_0_1/0008.png,"[106,51,418,469]",1
train/3_64_0_4_0_3/0004.png,"[217,290,948,1203]",1
train/3_32_0_4_0_3/0000.png,"[186,184,492,619]",1
train/2_70_0_4_0_3/0002.png,"[171,218,826,1034]",1
train/3_64_0_4_0_1/0001.png,"[100,62,362,394]",1
train/2_73_0_4_0_3/0008.png,"[216,246,477,556]",1
train/1_83_0_4_0_2/0000.png,"[54,28,237,283]",1
train/1_20_0_4_0_2/0001.png,"[140,111,595,704]",1
train/1_25_0_4_0_1/0002.png,"[145,75,450,496]",1
train/3_32_0_4_0_2/0005.png,"[66,110,247,351]",1
train/2_70_0_4_0_1/0001.png,"[74,85,280,332]",1
train/1_18_0_4_0_1/0008.png,"[99,90,342,407]",1
train/3_65_0_4_0_3/0002.png,"[146,146,459,553]",1
train/2_77_0_4_0_4/0007.png,"[99,130,365,461]",1
train/2_70_0_4_0_2/0006.png,"[112,115,471,543]",1
train/1_13_0_4_0_3/0001.png,"[480,687,1239,1631]",1
train/2_55_0_4_0_3/0005.png,"[206,191,607,672]",1
train/2_72_0_4_0_4/0007.png,"[106,19,458,498]",1
train/1_12_0_4_0_1/0008.png,"[104,55,353,397]",1
train/2_54_0_4_0_1/0002.png,"[103,82,321,383]",1
train/1_24_0_4_0_2/0008.png,"[143,224,452,603]",1
train/2_56_0_4_0_3/0000.png,"[157,85,548,598]",1
train/1_22_0_4_0_1/0005.png,"[93,74,356,412]",1
train/2_74_0_4_0_1/0007.png,"[99,123,387,501]",1
train/2_56_0_4_0_1/0001.png,"[135,51,546,580]",1
train/2_75_0_4_0_2/0008.png,"[101,126,445,540]",1
train/1_25_0_4_0_4/0006.png,"[217,71,751,815]",1
train/2_70_0_4_0_2/0004.png,"[138,192,465,548]",1
train/2_75_0_4_0_1/0005.png,"[80,72,303,356]",1
train/1_83_0_4_0_1/0005.png,"[107,48,426,490]",1
train/2_70_0_4_0_2/0000.png,"[125,84,467,520]",1
train/3_81_0_4_0_3/0005.png,"[277,323,1048,1366]",1
train/2_75_0_4_0_4/0001.png,"[120,143,499,611]",1
train/1_10_0_4_0_3/0005.png,"[185,289,799,1002]",1
train/3_39_0_4_0_2/0009.png,"[67,87,202,239]",1
train/1_20_0_4_0_3/0007.png,"[297,272,1121,1308]",1
train/1_06_0_4_0_4/0003.png,"[98,96,402,510]",1
train/2_78_0_4_0_4/0008.png,"[203,138,684,759]",1
train/1_08_0_4_0_2/0003.png,"[108,86,466,544]",1
train/3_31_0_4_0_3/0006.png,"[143,141,784,1001]",1
train/2_70_0_4_0_4/0001.png,"[121,131,504,586]",1
train/2_78_0_4_0_2/0008.png,"[167,191,540,650]",1
train/3_64_0_4_0_4/0003.png,"[169,115,625,708]",1
train/1_13_0_4_0_3/0000.png,"[459,600,1244,1632]",1
train/1_83_0_4_0_1/0006.png,"[109,43,423,482]",1
train/3_59_0_4_0_1/0000.png,"[145,31,427,489]",1
train/3_64_0_4_0_1/0005.png,"[106,84,354,400]",1
train/2_69_0_4_0_1/0006.png,"[114,165,412,493]",1
train/1_83_0_4_0_4/0006.png,"[121,73,420,489]",1
train/1_06_0_4_0_3/0004.png,"[203,296,705,1000]",1
train/3_52_0_4_0_3/0002.png,"[174,164,519,590]",1
train/3_59_0_4_0_4/0003.png,"[163,68,454,463]",1
train/2_75_0_4_0_2/0006.png,"[106,143,417,540]",1
train/3_26_0_4_0_1/0002.png,"[57,95,224,301]",1
train/2_55_0_4_0_4/0005.png,"[190,176,575,636]",1
train/1_18_0_4_0_2/0009.png,"[142,173,505,646]",1
train/1_83_0_4_0_2/0003.png,"[58,56,236,273]",1
train/3_52_0_4_0_3/0005.png,"[111,274,446,619]",1
train/1_25_0_4_0_4/0000.png,"[159,86,749,861]",1
train/2_69_0_4_0_3/0005.png,"[137,116,435,476]",1
train/3_64_0_4_0_2/0001.png,"[142,127,514,599]",1
train/1_10_0_4_0_4/0001.png,"[115,131,458,565]",1
train/1_24_0_4_0_4/0006.png,"[119,134,338,411]",1
train/1_25_0_4_0_1/0005.png,"[131,65,448,499]",1
train/1_18_0_4_0_1/0002.png,"[105,85,349,412]",1
train/1_25_0_4_0_3/0009.png,"[361,293,1238,1468]",1
train/1_83_0_4_0_4/0002.png,"[120,81,416,504]",1
train/3_31_0_4_0_3/0003.png,"[156,218,831,1013]",1
train/3_40_0_4_0_3/0006.png,"[204,151,534,525]",1
train/2_56_0_4_0_4/0001.png,"[139,79,529,560]",1
train/2_54_0_4_0_2/0000.png,"[137,75,484,545]",1
train/2_73_0_4_0_3/0001.png,"[145,156,406,450]",1
train/3_82_0_4_0_2/0009.png,"[44,76,196,237]",1
train/2_79_0_4_0_1/0009.png,"[100,183,351,472]",1
train/1_07_0_4_0_1/0008.png,"[84,105,224,283]",1
train/2_78_0_4_0_3/0007.png,"[235,163,1025,1196]",1
train/3_53_0_4_0_1/0004.png,"[98,79,310,358]",1
train/1_06_0_4_0_3/0005.png,"[207,259,723,990]",1
train/1_23_0_4_0_3/0006.png,"[130,250,554,712]",1
train/1_07_0_4_0_2/0003.png,"[156,146,412,463]",1
train/2_70_0_4_0_4/0006.png,"[120,103,519,587]",1
train/2_76_0_4_0_4/0009.png,"[156,83,596,658]",1
train/1_25_0_4_0_3/0003.png,"[421,243,1306,1428]",1
train/2_55_0_4_0_3/0002.png,"[158,145,560,649]",1
train/1_19_0_4_0_4/0009.png,"[82,161,301,418]",1
train/1_23_0_4_0_3/0005.png,"[287,220,668,693]",1
train/1_21_0_4_0_1/0001.png,"[235,148,633,655]",1
train/2_76_0_4_0_3/0003.png,"[263,254,1039,1227]",1
train/2_78_0_4_0_1/0001.png,"[110,76,358,401]",1
train/1_22_0_4_0_3/0009.png,"[238,244,1028,1262]",1
train/2_76_0_4_0_1/0003.png,"[83,73,336,412]",1
train/2_78_0_4_0_1/0004.png,"[119,102,369,423]",1
train/1_07_0_4_0_4/0009.png,"[156,185,418,495]",1
train/3_39_0_4_0_1/0002.png,"[74,104,292,394]",1
train/1_20_0_4_0_4/0005.png,"[202,90,714,747]",1
train/1_22_0_4_0_2/0001.png,"[134,204,525,697]",1
train/2_54_0_4_0_3/0004.png,"[203,212,846,1060]",1
train/3_64_0_4_0_1/0006.png,"[103,61,359,392]",1
train/2_77_0_4_0_1/0002.png,"[105,133,362,454]",1
train/3_53_0_4_0_1/0008.png,"[91,90,324,372]",1
train/3_59_0_4_0_3/0002.png,"[146,64,445,473]",1
train/3_52_0_4_0_1/0004.png,"[99,174,416,560]",1
train/3_32_0_4_0_1/0009.png,"[115,118,494,653]",1
train/3_82_0_4_0_1/0004.png,"[102,117,382,455]",1
train/1_23_0_4_0_1/0005.png,"[285,135,666,617]",1
train/1_21_0_4_0_4/0005.png,"[216,187,627,697]",1
train/2_76_0_4_0_4/0003.png,"[140,62,587,650]",1
train/1_12_0_4_0_3/0008.png,"[328,84,1064,1116]",1
train/2_54_0_4_0_4/0007.png,"[192,120,615,651]",1
train/3_32_0_4_0_1/0005.png,"[130,162,483,658]",1
train/3_45_0_4_0_3/0003.png,"[142,115,427,444]",1
train/1_18_0_4_0_3/0007.png,"[221,269,902,1174]",1
train/1_25_0_4_0_2/0008.png,"[198,139,672,768]",1
train/1_10_0_4_0_1/0004.png,"[67,86,262,331]",1
train/3_39_0_4_0_3/0005.png,"[95,113,308,392]",1
train/2_74_0_4_0_2/0006.png,"[63,92,233,306]",1
train/1_22_0_4_0_3/0007.png,"[215,244,995,1247]",1
train/2_74_0_4_0_1/0002.png,"[90,94,381,482]",1
train/1_24_0_4_0_4/0004.png,"[152,128,360,377]",1
train/2_71_0_4_0_2/0006.png,"[50,69,173,215]",1
train/2_80_0_4_0_1/0007.png,"[72,68,272,320]",1
train/2_74_0_4_0_3/0002.png,"[125,105,446,553]",1
train/2_74_0_4_0_3/0004.png,"[124,99,448,540]",1
train/3_26_0_4_0_2/0007.png,"[102,134,427,523]",1
train/3_31_0_4_0_4/0004.png,"[136,163,550,652]",1
train/2_70_0_4_0_3/0006.png,"[258,336,889,1092]",1
train/1_12_0_4_0_1/0009.png,"[102,47,353,403]",1
train/2_70_0_4_0_3/0009.png,"[195,378,807,1057]",1
train/3_82_0_4_0_4/0001.png,"[84,141,363,470]",1
train/3_65_0_4_0_4/0007.png,"[158,183,492,576]",1
train/2_75_0_4_0_4/0009.png,"[121,128,508,610]",1
train/3_40_0_4_0_1/0001.png,"[106,88,273,280]",1
train/1_24_0_4_0_4/0001.png,"[95,149,312,413]",1
train/2_76_0_4_0_3/0000.png,"[243,271,1015,1213]",1
train/3_40_0_4_0_3/0001.png,"[123,138,431,523]",1
train/1_83_0_4_0_2/0001.png,"[45,37,235,282]",1
train/1_21_0_4_0_2/0006.png,"[251,243,672,767]",1
train/3_26_0_4_0_4/0001.png,"[112,139,406,480]",1
train/2_80_0_4_0_1/0005.png,"[71,82,266,333]",1
train/1_13_0_4_0_1/0009.png,"[139,62,412,398]",1
train/1_25_0_4_0_1/0006.png,"[145,64,466,509]",1
train/3_32_0_4_0_1/0006.png,"[164,163,536,637]",1
train/1_19_0_4_0_1/0003.png,"[146,159,430,499]",1
train/1_07_0_4_0_1/0006.png,"[69,103,215,284]",1
train/3_45_0_4_0_4/0001.png,"[81,155,282,364]",1
train/1_21_0_4_0_4/0006.png,"[244,226,643,738]",1
train/1_83_0_4_0_3/0009.png,"[118,101,425,520]",1
train/1_19_0_4_0_4/0001.png,"[77,131,312,385]",1
train/2_75_0_4_0_1/0006.png,"[92,72,311,351]",1
train/1_08_0_4_0_1/0007.png,"[86,47,300,324]",1
train/1_13_0_4_0_4/0009.png,"[212,72,757,715]",1
train/1_24_0_4_0_3/0004.png,"[177,112,494,515]",1
train/3_59_0_4_0_3/0000.png,"[131,55,443,479]",1
train/1_13_0_4_0_4/0007.png,"[235,58,763,671]",1
train/3_81_0_4_0_3/0003.png,"[363,285,1175,1355]",1
train/2_76_0_4_0_1/0002.png,"[76,73,336,400]",1
train/1_18_0_4_0_4/0006.png,"[160,118,579,693]",1
train/1_22_0_4_0_1/0004.png,"[79,57,349,414]",1
train/1_20_0_4_0_3/0006.png,"[284,252,1152,1308]",1
train/3_59_0_4_0_3/0006.png,"[127,55,448,468]",1
train/1_24_0_4_0_3/0009.png,"[183,74,501,458]",1
train/1_18_0_4_0_3/0005.png,"[167,257,874,1160]",1
train/2_70_0_4_0_3/0001.png,"[229,208,866,1004]",1
train/2_72_0_4_0_3/0000.png,"[185,191,793,990]",1
train/3_31_0_4_0_1/0002.png,"[64,23,323,370]",1
train/2_77_0_4_0_3/0005.png,"[97,122,368,480]",1
train/2_70_0_4_0_3/0000.png,"[177,237,840,1030]",1
train/3_40_0_4_0_1/0005.png,"[58,101,219,308]",1
train/3_39_0_4_0_2/0005.png,"[59,86,201,238]",1
train/1_24_0_4_0_1/0008.png,"[98,99,250,282]",1
train/2_75_0_4_0_2/0003.png,"[94,138,432,540]",1
train/1_06_0_4_0_4/0002.png,"[124,95,440,526]",1
train/2_56_0_4_0_2/0004.png,"[136,77,368,363]",1
train/1_20_0_4_0_2/0009.png,"[144,99,608,688]",1
train/3_26_0_4_0_2/0003.png,"[96,111,418,496]",1
train/3_64_0_4_0_1/0009.png,"[99,69,359,388]",1
train/1_18_0_4_0_3/0004.png,"[209,220,935,1160]",1
train/2_72_0_4_0_2/0003.png,"[128,132,405,531]",1
train/1_07_0_4_0_3/0006.png,"[66,149,322,469]",1
train/2_71_0_4_0_1/0000.png,"[120,194,317,410]",1
train/2_73_0_4_0_1/0004.png,"[77,87,216,246]",1
train/2_71_0_4_0_1/0004.png,"[91,125,295,359]",1
train/1_83_0_4_0_3/0007.png,"[115,63,434,504]",1
train/3_26_0_4_0_2/0004.png,"[94,116,410,493]",1
train/1_10_0_4_0_4/0004.png,"[94,111,442,565]",1
train/1_19_0_4_0_3/0004.png,"[140,181,433,550]",1
train/2_56_0_4_0_2/0006.png,"[104,68,338,371]",1
train/2_71_0_4_0_2/0007.png,"[65,95,184,236]",1
train/2_75_0_4_0_2/0009.png,"[100,162,431,541]",1
train/1_18_0_4_0_1/0007.png,"[102,81,341,401]",1
train/1_19_0_4_0_2/0004.png,"[127,134,441,526]",1
train/1_08_0_4_0_1/0003.png,"[81,41,293,316]",1
train/3_82_0_4_0_2/0001.png,"[52,48,205,234]",1
train/3_81_0_4_0_4/0003.png,"[252,127,734,732]",1
train/2_77_0_4_0_1/0000.png,"[99,129,359,450]",1
train/2_70_0_4_0_3/0008.png,"[184,230,837,1040]",1
train/2_70_0_4_0_4/0007.png,"[131,161,516,619]",1
train/3_26_0_4_0_2/0009.png,"[104,121,451,517]",1
train/3_53_0_4_0_4/0005.png,"[118,135,488,662]",1
train/2_80_0_4_0_2/0006.png,"[162,84,522,543]",1
train/2_80_0_4_0_2/0000.png,"[133,91,483,560]",1
train/3_64_0_4_0_4/0005.png,"[140,51,622,704]",1
train/1_20_0_4_0_4/0001.png,"[173,65,689,747]",1
train/2_70_0_4_0_2/0001.png,"[124,167,437,536]",1
train/2_72_0_4_0_2/0004.png,"[122,124,417,514]",1
train/1_12_0_4_0_2/0007.png,"[147,63,516,616]",1
train/3_81_0_4_0_2/0006.png,"[171,172,609,763]",1
train/2_56_0_4_0_4/0009.png,"[133,89,538,599]",1
train/1_19_0_4_0_2/0001.png,"[104,131,402,509]",1
train/2_72_0_4_0_3/0008.png,"[198,137,834,979]",1
train/1_06_0_4_0_1/0001.png,"[63,66,237,301]",1
train/2_76_0_4_0_1/0009.png,"[70,53,342,412]",1
train/3_65_0_4_0_2/0003.png,"[54,74,236,298]",1
train/2_72_0_4_0_4/0000.png,"[123,70,461,533]",1
train/2_74_0_4_0_2/0000.png,"[64,97,242,309]",1
train/2_56_0_4_0_3/0003.png,"[227,117,662,699]",1
train/2_77_0_4_0_3/0002.png,"[94,210,339,492]",1
train/3_82_0_4_0_1/0005.png,"[111,130,392,468]",1
train/3_65_0_4_0_4/0001.png,"[129,151,455,536]",1
train/3_65_0_4_0_2/0001.png,"[89,76,253,295]",1
train/1_18_0_4_0_3/0000.png,"[231,338,959,1182]",1
train/3_52_0_4_0_2/0002.png,"[345,29,527,251]",1
train/3_31_0_4_0_4/0009.png,"[116,166,542,688]",1
train/2_79_0_4_0_1/0001.png,"[83,147,343,450]",1
train/2_75_0_4_0_1/0001.png,"[72,71,293,356]",1
train/3_59_0_4_0_4/0009.png,"[151,48,416,451]",1
train/1_10_0_4_0_4/0003.png,"[75,110,441,574]",1
train/3_82_0_4_0_4/0006.png,"[73,146,364,477]",1
train/2_73_0_4_0_2/0009.png,"[85,170,351,466]",1
train/3_81_0_4_0_4/0004.png,"[252,200,782,843]",1
train/2_76_0_4_0_3/0002.png,"[264,249,985,1199]",1
train/2_73_0_4_0_1/0009.png,"[91,90,235,252]",1
train/3_81_0_4_0_2/0005.png,"[256,254,668,752]",1
train/2_77_0_4_0_3/0008.png,"[94,209,370,484]",1
train/1_18_0_4_0_4/0000.png,"[181,139,606,697]",1
train/2_75_0_4_0_2/0007.png,"[110,147,447,540]",1
train/2_80_0_4_0_4/0007.png,"[93,147,352,458]",1
train/1_18_0_4_0_2/0002.png,"[125,184,500,654]",1
train/2_78_0_4_0_2/0007.png,"[156,212,614,698]",1
train/2_75_0_4_0_1/0002.png,"[72,79,285,332]",1
train/2_54_0_4_0_4/0001.png,"[166,138,561,655]",1
train/2_80_0_4_0_2/0002.png,"[150,93,513,588]",1
train/1_20_0_4_0_1/0004.png,"[106,57,420,421]",1
train/1_07_0_4_0_4/0004.png,"[65,183,325,492]",1
train/2_54_0_4_0_1/0007.png,"[103,35,342,356]",1
train/2_71_0_4_0_2/0005.png,"[55,108,188,225]",1
train/1_18_0_4_0_3/0001.png,"[241,330,955,1154]",1
train/1_25_0_4_0_1/0000.png,"[116,70,415,492]",1
train/1_24_0_4_0_3/0003.png,"[166,98,471,437]",1
train/1_83_0_4_0_4/0004.png,"[116,59,426,497]",1
train/3_81_0_4_0_3/0000.png,"[246,200,1105,1281]",1
train/1_12_0_4_0_1/0007.png,"[85,24,346,399]",1
train/2_55_0_4_0_4/0003.png,"[123,151,511,602]",1
train/2_80_0_4_0_3/0008.png,"[174,104,549,591]",1
train/3_31_0_4_0_1/0004.png,"[69,53,324,370]",1
train/1_25_0_4_0_4/0009.png,"[289,88,839,833]",1
train/3_31_0_4_0_1/0009.png,"[64,58,318,368]",1
train/1_06_0_4_0_4/0001.png,"[98,83,429,520]",1
train/1_07_0_4_0_1/0005.png,"[86,104,225,269]",1
train/2_80_0_4_0_3/0005.png,"[141,153,502,600]",1
train/1_13_0_4_0_3/0007.png,"[311,224,1101,1252]",1
train/1_21_0_4_0_2/0002.png,"[241,195,627,696]",1
train/2_78_0_4_0_1/0002.png,"[120,62,371,377]",1
train/2_77_0_4_0_3/0003.png,"[94,124,361,477]",1
train/2_80_0_4_0_4/0003.png,"[89,97,353,445]",1
train/2_56_0_4_0_4/0008.png,"[102,73,507,594]",1
train/2_74_0_4_0_1/0008.png,"[135,131,423,519]",1
train/3_59_0_4_0_2/0008.png,"[75,63,231,284]",1
train/3_59_0_4_0_3/0003.png,"[156,85,468,519]",1
train/3_31_0_4_0_4/0002.png,"[120,133,543,661]",1
train/3_32_0_4_0_1/0002.png,"[150,164,502,658]",1
train/2_70_0_4_0_1/0004.png,"[83,79,285,337]",1
train/2_72_0_4_0_1/0002.png,"[62,54,248,309]",1
train/2_56_0_4_0_2/0001.png,"[86,35,321,336]",1
train/1_19_0_4_0_4/0005.png,"[90,128,307,399]",1
train/3_39_0_4_0_1/0008.png,"[113,96,330,358]",1
train/3_39_0_4_0_4/0002.png,"[118,153,328,423]",1
train/1_21_0_4_0_1/0003.png,"[252,184,678,716]",1
train/1_07_0_4_0_4/0005.png,"[139,166,391,474]",1
train/3_82_0_4_0_1/0002.png,"[105,118,390,454]",1
train/3_52_0_4_0_4/0000.png,"[146,262,464,620]",1
train/3_31_0_4_0_3/0000.png,"[129,231,871,997]",1
train/1_19_0_4_0_4/0006.png,"[64,153,285,417]",1
train/2_74_0_4_0_1/0006.png,"[106,140,397,530]",1
train/1_07_0_4_0_2/0001.png,"[158,152,407,464]",1
train/3_59_0_4_0_2/0005.png,"[54,59,219,298]",1
train/1_22_0_4_0_3/0001.png,"[178,280,983,1261]",1
train/2_74_0_4_0_4/0002.png,"[105,114,386,527]",1
train/2_69_0_4_0_1/0008.png,"[104,164,390,489]",1
train/2_70_0_4_0_2/0007.png,"[141,210,462,543]",1
train/1_22_0_4_0_2/0005.png,"[160,125,569,662]",1
train/3_39_0_4_0_2/0001.png,"[64,86,191,239]",1
train/1_25_0_4_0_2/0005.png,"[192,115,649,742]",1
train/1_06_0_4_0_3/0000.png,"[182,274,696,986]",1
train/3_81_0_4_0_3/0007.png,"[293,272,1060,1354]",1
train/2_80_0_4_0_1/0009.png,"[55,73,254,331]",1
train/3_26_0_4_0_3/0000.png,"[130,171,441,545]",1
train/1_12_0_4_0_1/0004.png,"[83,23,344,393]",1
train/2_71_0_4_0_4/0004.png,"[97,186,279,399]",1
train/1_10_0_4_0_1/0007.png,"[68,87,262,342]",1
train/2_54_0_4_0_4/0008.png,"[191,160,587,689]",1
train/2_78_0_4_0_3/0000.png,"[294,186,1082,1199]",1
train/2_77_0_4_0_2/0001.png,"[43,91,196,284]",1
train/2_71_0_4_0_4/0009.png,"[85,198,299,413]",1
train/2_55_0_4_0_2/0009.png,"[120,121,528,603]",1
train/1_22_0_4_0_3/0000.png,"[163,245,959,1301]",1
train/3_64_0_4_0_3/0002.png,"[269,255,1002,1206]",1
train/3_59_0_4_0_2/0000.png,"[65,55,240,284]",1
train/2_55_0_4_0_4/0007.png,"[123,101,514,582]",1
train/2_75_0_4_0_1/0007.png,"[79,103,291,362]",1
train/3_65_0_4_0_2/0004.png,"[76,96,264,322]",1
train/1_21_0_4_0_3/0004.png,"[226,193,642,738]",1
train/2_77_0_4_0_4/0000.png,"[109,183,351,463]",1
train/2_76_0_4_0_2/0003.png,"[112,114,498,624]",1
train/3_40_0_4_0_3/0003.png,"[172,105,489,481]",1
train/1_22_0_4_0_1/0006.png,"[94,84,360,412]",1
train/3_59_0_4_0_1/0008.png,"[100,54,383,468]",1
train/1_83_0_4_0_4/0005.png,"[117,62,417,477]",1
train/1_18_0_4_0_1/0004.png,"[102,82,340,392]",1
train/1_22_0_4_0_3/0003.png,"[229,292,968,1195]",1
train/2_56_0_4_0_3/0008.png,"[213,101,627,660]",1
train/2_74_0_4_0_3/0001.png,"[104,136,431,592]",1
train/2_76_0_4_0_2/0008.png,"[118,111,512,631]",1
train/3_82_0_4_0_3/0007.png,"[90,120,375,462]",1
train/2_54_0_4_0_1/0005.png,"[108,87,353,388]",1
train/3_32_0_4_0_3/0005.png,"[130,173,453,620]",1
train/1_83_0_4_0_2/0007.png,"[58,45,248,284]",1
train/1_13_0_4_0_1/0002.png,"[176,201,447,558]",1
train/3_82_0_4_0_3/0004.png,"[112,119,402,468]",1
train/2_79_0_4_0_3/0008.png,"[126,180,405,468]",1
train/2_69_0_4_0_4/0002.png,"[72,158,373,518]",1
train/3_26_0_4_0_4/0003.png,"[106,109,416,458]",1
train/2_71_0_4_0_1/0008.png,"[111,133,335,389]",1
train/1_19_0_4_0_3/0000.png,"[102,181,397,555]",1
train/3_82_0_4_0_1/0000.png,"[100,112,381,450]",1
train/1_19_0_4_0_2/0006.png,"[143,172,423,515]",1
train/1_12_0_4_0_4/0006.png,"[156,100,595,691]",1
train/2_80_0_4_0_4/0001.png,"[109,113,375,448]",1
train/2_71_0_4_0_4/0000.png,"[125,198,331,413]",1
train/1_21_0_4_0_3/0003.png,"[178,171,602,702]",1
train/2_79_0_4_0_4/0001.png,"[83,177,355,461]",1
train/3_52_0_4_0_1/0008.png,"[64,198,376,552]",1
train/2_73_0_4_0_2/0001.png,"[84,159,349,483]",1
train/3_81_0_4_0_2/0002.png,"[206,223,657,772]",1
train/1_20_0_4_0_1/0002.png,"[105,52,422,424]",1
train/2_55_0_4_0_1/0001.png,"[81,92,289,345]",1
train/1_22_0_4_0_4/0006.png,"[141,144,593,718]",1
train/3_52_0_4_0_3/0003.png,"[124,214,487,625]",1
train/2_76_0_4_0_2/0009.png,"[111,119,503,632]",1
train/2_69_0_4_0_4/0000.png,"[97,162,392,509]",1
train/2_54_0_4_0_3/0002.png,"[279,206,932,1059]",1
train/3_53_0_4_0_4/0004.png,"[131,81,512,607]",1
train/3_32_0_4_0_4/0005.png,"[117,155,452,639]",1
train/2_78_0_4_0_1/0009.png,"[121,85,370,407]",1
train/2_56_0_4_0_4/0002.png,"[137,95,538,608]",1
train/2_69_0_4_0_1/0004.png,"[132,146,414,474]",1
train/2_72_0_4_0_2/0006.png,"[112,125,403,520]",1
train/3_45_0_4_0_3/0004.png,"[111,129,409,466]",1
train/1_12_0_4_0_2/0000.png,"[156,98,547,652]",1
train/3_40_0_4_0_3/0004.png,"[109,161,427,549]",1
train/1_18_0_4_0_2/0007.png,"[116,156,497,647]",1
train/3_32_0_4_0_2/0004.png,"[83,72,256,302]",1
train/2_72_0_4_0_4/0009.png,"[119,89,428,517]",1
train/2_80_0_4_0_3/0002.png,"[142,96,504,558]",1
train/2_76_0_4_0_4/0002.png,"[167,67,604,643]",1
train/1_10_0_4_0_4/0006.png,"[118,115,501,592]",1
train/1_12_0_4_0_4/0003.png,"[159,111,593,698]",1
train/1_22_0_4_0_4/0005.png,"[148,100,612,711]",1
train/1_10_0_4_0_4/0007.png,"[139,141,467,564]",1
train/3_65_0_4_0_1/0006.png,"[122,113,482,563]",1
train/1_24_0_4_0_2/0006.png,"[198,203,500,586]",1
train/1_19_0_4_0_2/0005.png,"[92,120,393,500]",1
train/1_07_0_4_0_1/0002.png,"[93,96,239,284]",1
train/3_39_0_4_0_3/0001.png,"[147,126,356,390]",1
train/1_83_0_4_0_2/0002.png,"[57,49,233,284]",1
train/3_64_0_4_0_1/0003.png,"[85,61,340,390]",1
train/2_69_0_4_0_2/0003.png,"[56,95,221,279]",1
train/2_80_0_4_0_2/0009.png,"[176,119,507,581]",1
train/3_59_0_4_0_1/0009.png,"[116,29,416,450]",1
train/2_72_0_4_0_1/0008.png,"[80,54,258,286]",1
train/2_77_0_4_0_3/0007.png,"[97,129,370,483]",1
train/3_32_0_4_0_3/0008.png,"[196,155,496,594]",1
train/2_75_0_4_0_4/0008.png,"[127,147,502,617]",1
train/2_79_0_4_0_2/0005.png,"[75,127,218,268]",1
train/2_55_0_4_0_2/0002.png,"[157,106,541,602]",1
train/3_40_0_4_0_2/0008.png,"[144,102,457,466]",1
train/1_13_0_4_0_3/0005.png,"[500,598,1287,1480]",1
train/1_25_0_4_0_4/0002.png,"[230,54,808,821]",1
train/3_82_0_4_0_4/0008.png,"[96,155,363,460]",1
train/3_32_0_4_0_1/0004.png,"[126,144,462,634]",1
train/2_78_0_4_0_2/0004.png,"[192,189,563,650]",1
train/1_20_0_4_0_1/0007.png,"[104,50,423,419]",1
train/2_77_0_4_0_4/0004.png,"[119,209,368,479]",1
train/1_25_0_4_0_3/0008.png,"[408,330,1276,1490]",1
train/2_75_0_4_0_4/0007.png,"[122,111,510,614]",1
train/3_39_0_4_0_1/0000.png,"[81,147,281,411]",1
train/1_23_0_4_0_1/0002.png,"[186,120,629,592]",1
train/1_21_0_4_0_3/0007.png,"[225,199,643,746]",1
train/3_59_0_4_0_3/0009.png,"[76,77,398,512]",1
train/2_54_0_4_0_1/0000.png,"[104,36,332,356]",1
train/2_74_0_4_0_2/0008.png,"[71,88,248,308]",1
train/2_69_0_4_0_1/0001.png,"[93,131,392,473]",1
train/3_31_0_4_0_4/0001.png,"[99,112,568,627]",1
train/1_21_0_4_0_1/0006.png,"[223,186,662,736]",1
train/1_08_0_4_0_3/0006.png,"[204,217,850,1089]",1
train/3_64_0_4_0_4/0002.png,"[155,134,605,696]",1
train/3_40_0_4_0_4/0007.png,"[132,160,423,524]",1
train/1_83_0_4_0_2/0009.png,"[56,46,241,284]",1
train/1_10_0_4_0_1/0002.png,"[66,71,263,335]",1
train/2_77_0_4_0_1/0001.png,"[96,152,363,453]",1
train/2_71_0_4_0_4/0008.png,"[118,164,327,394]",1
train/2_54_0_4_0_2/0003.png,"[131,129,457,548]",1
train/3_82_0_4_0_4/0000.png,"[93,132,372,463]",1
train/1_24_0_4_0_1/0004.png,"[133,89,287,283]",1
train/1_20_0_4_0_3/0005.png,"[321,250,1182,1330]",1
train/1_23_0_4_0_3/0009.png,"[268,162,642,635]",1
train/3_59_0_4_0_1/0001.png,"[141,32,428,477]",1
train/2_75_0_4_0_2/0004.png,"[103,138,425,541]",1
train/3_39_0_4_0_1/0009.png,"[76,108,269,367]",1
train/3_32_0_4_0_1/0003.png,"[164,132,510,596]",1
train/3_82_0_4_0_4/0004.png,"[91,137,369,464]",1
train/2_69_0_4_0_1/0005.png,"[124,156,425,489]",1
train/3_33_0_4_0_3/0002.png,"[224,125,853,1027]",1
train/2_78_0_4_0_1/0006.png,"[132,92,380,425]",1
train/3_32_0_4_0_3/0003.png,"[212,177,501,621]",1
train/2_71_0_4_0_4/0007.png,"[98,162,288,378]",1
train/3_45_0_4_0_1/0007.png,"[44,98,197,276]",1
train/2_77_0_4_0_2/0003.png,"[44,105,202,284]",1
train/3_31_0_4_0_1/0005.png,"[63,67,313,365]",1
train/3_31_0_4_0_4/0008.png,"[113,136,551,686]",1
train/1_07_0_4_0_2/0005.png,"[159,144,414,465]",1
train/1_22_0_4_0_4/0008.png,"[131,88,597,694]",1
train/2_76_0_4_0_3/0008.png,"[250,348,977,1227]",1
train/2_74_0_4_0_3/0008.png,"[96,135,410,550]",1
train/1_25_0_4_0_1/0003.png,"[170,66,462,502]",1
train/3_31_0_4_0_1/0008.png,"[71,67,316,363]",1
train/3_32_0_4_0_4/0008.png,"[172,171,498,599]",1
train/3_59_0_4_0_1/0007.png,"[105,59,399,469]",1
train/1_83_0_4_0_3/0005.png,"[101,25,419,436]",1
train/2_69_0_4_0_4/0009.png,"[128,172,416,497]",1
train/2_71_0_4_0_1/0007.png,"[97,121,298,343]",1
train/1_83_0_4_0_3/0003.png,"[117,66,435,504]",1
train/2_70_0_4_0_4/0005.png,"[140,133,516,579]",1
train/3_31_0_4_0_3/0002.png,"[164,219,823,1027]",1
train/1_12_0_4_0_3/0006.png,"[306,210,995,1183]",1
train/3_59_0_4_0_4/0002.png,"[132,68,420,462]",1
train/3_81_0_4_0_3/0008.png,"[380,366,1150,1431]",1
train/2_56_0_4_0_4/0006.png,"[131,138,487,628]",1
train/1_13_0_4_0_1/0005.png,"[187,208,454,546]",1
train/3_52_0_4_0_2/0000.png,"[345,45,522,259]",1
train/1_06_0_4_0_4/0009.png,"[130,116,444,517]",1
train/1_18_0_4_0_4/0009.png,"[143,132,567,690]",1
train/1_08_0_4_0_3/0008.png,"[202,216,863,1037]",1
train/3_45_0_4_0_4/0005.png,"[80,154,282,364]",1
train/1_12_0_4_0_3/0002.png,"[283,105,981,1182]",1
train/1_08_0_4_0_4/0001.png,"[123,67,510,580]",1
train/3_53_0_4_0_4/0001.png,"[113,116,508,645]",1
train/2_71_0_4_0_3/0009.png,"[80,154,326,417]",1
train/1_12_0_4_0_1/0006.png,"[97,25,351,390]",1
train/1_24_0_4_0_3/0008.png,"[175,187,470,565]",1
train/2_76_0_4_0_1/0000.png,"[71,58,341,409]",1
train/2_74_0_4_0_4/0009.png,"[137,135,465,566]",1
train/3_81_0_4_0_1/0000.png,"[126,60,377,437]",1
train/2_72_0_4_0_3/0009.png,"[179,166,806,957]",1
train/3_82_0_4_0_2/0005.png,"[53,73,200,239]",1
train/2_74_0_4_0_4/0006.png,"[150,133,467,571]",1
train/2_78_0_4_0_2/0002.png,"[163,213,548,670]",1
train/1_19_0_4_0_1/0001.png,"[102,167,376,511]",1
train/2_55_0_4_0_3/0004.png,"[148,127,562,621]",1
train/1_08_0_4_0_2/0008.png,"[137,127,485,572]",1
train/3_53_0_4_0_3/0005.png,"[150,219,853,1079]",1
train/1_20_0_4_0_2/0006.png,"[189,128,649,729]",1
train/3_52_0_4_0_4/0002.png,"[168,212,497,605]",1
train/2_55_0_4_0_1/0000.png,"[78,95,291,348]",1
train/3_26_0_4_0_2/0006.png,"[97,132,431,519]",1
train/1_25_0_4_0_2/0003.png,"[202,128,666,743]",1
train/2_79_0_4_0_3/0000.png,"[142,240,398,482]",1
train/1_06_0_4_0_1/0008.png,"[73,60,244,305]",1
train/3_82_0_4_0_3/0008.png,"[96,142,379,446]",1
train/3_40_0_4_0_1/0004.png,"[77,80,240,287]",1
train/2_69_0_4_0_4/0001.png,"[99,154,390,491]",1
train/2_76_0_4_0_2/0000.png,"[127,119,530,623]",1
train/2_78_0_4_0_3/0006.png,"[274,302,1060,1242]",1
train/3_31_0_4_0_1/0006.png,"[65,64,309,361]",1
train/3_65_0_4_0_4/0002.png,"[162,174,488,554]",1
train/2_54_0_4_0_3/0005.png,"[272,229,955,1103]",1
train/2_55_0_4_0_4/0008.png,"[117,157,500,634]",1
train/2_69_0_4_0_1/0003.png,"[107,122,401,463]",1
train/2_69_0_4_0_2/0001.png,"[72,80,235,270]",1
train/1_06_0_4_0_1/0002.png,"[70,78,245,306]",1
train/2_80_0_4_0_4/0006.png,"[81,140,346,464]",1
train/2_75_0_4_0_2/0000.png,"[102,136,428,538]",1
train/2_73_0_4_0_4/0007.png,"[96,225,267,424]",1
train/1_08_0_4_0_3/0002.png,"[229,199,878,1055]",1
train/2_69_0_4_0_4/0003.png,"[87,159,377,520]",1
train/2_75_0_4_0_4/0005.png,"[127,140,502,630]",1
train/1_24_0_4_0_1/0000.png,"[103,103,260,303]",1
train/1_21_0_4_0_1/0009.png,"[244,176,708,749]",1
train/2_80_0_4_0_1/0002.png,"[60,78,253,326]",1
train/1_08_0_4_0_4/0008.png,"[99,80,488,586]",1
train/2_77_0_4_0_1/0006.png,"[111,133,369,454]",1
train/2_70_0_4_0_1/0008.png,"[99,95,290,348]",1
train/1_18_0_4_0_1/0001.png,"[106,86,352,415]",1
train/1_19_0_4_0_1/0000.png,"[118,155,399,507]",1
train/3_26_0_4_0_4/0007.png,"[89,147,407,507]",1
train/2_69_0_4_0_3/0007.png,"[103,143,414,498]",1
train/1_19_0_4_0_1/0007.png,"[93,144,376,496]",1
train/2_71_0_4_0_1/0009.png,"[73,162,275,395]",1
train/2_79_0_4_0_4/0006.png,"[95,197,375,505]",1
train/1_10_0_4_0_2/0004.png,"[102,137,410,527]",1
train/1_25_0_4_0_1/0004.png,"[136,70,434,487]",1
train/3_39_0_4_0_3/0006.png,"[129,142,361,413]",1
train/1_10_0_4_0_3/0002.png,"[158,227,776,997]",1
train/1_10_0_4_0_3/0008.png,"[216,264,853,1047]",1
train/1_08_0_4_0_2/0001.png,"[127,98,469,554]",1
train/2_73_0_4_0_2/0003.png,"[156,135,419,438]",1
train/3_52_0_4_0_3/0006.png,"[200,229,535,611]",1
train/1_06_0_4_0_3/0006.png,"[239,236,772,939]",1
train/2_77_0_4_0_1/0005.png,"[108,186,341,453]",1
train/2_77_0_4_0_3/0004.png,"[96,209,348,497]",1
train/1_25_0_4_0_4/0004.png,"[247,76,781,797]",1
train/1_10_0_4_0_1/0009.png,"[70,93,266,338]",1
train/3_59_0_4_0_4/0001.png,"[130,77,403,454]",1
train/1_08_0_4_0_4/0003.png,"[122,50,507,540]",1
train/1_10_0_4_0_2/0006.png,"[120,171,436,526]",1
train/2_73_0_4_0_2/0002.png,"[191,263,458,550]",1
train/2_69_0_4_0_2/0004.png,"[61,83,228,274]",1
train/3_81_0_4_0_4/0002.png,"[152,136,658,801]",1
train/1_83_0_4_0_1/0004.png,"[104,60,422,484]",1
train/3_40_0_4_0_3/0007.png,"[106,167,426,583]",1
train/3_65_0_4_0_4/0005.png,"[131,208,462,584]",1
train/3_59_0_4_0_1/0003.png,"[106,51,393,469]",1
train/3_59_0_4_0_2/0004.png,"[67,61,242,306]",1
train/3_65_0_4_0_4/0000.png,"[136,164,475,562]",1
train/1_23_0_4_0_4/0006.png,"[150,240,535,672]",1
train/2_72_0_4_0_1/0005.png,"[86,47,267,304]",1
train/1_13_0_4_0_2/0008.png,"[193,131,621,657]",1
train/2_77_0_4_0_3/0009.png,"[103,139,407,484]",1
train/1_13_0_4_0_2/0002.png,"[284,403,684,901]",1
train/1_18_0_4_0_4/0004.png,"[161,142,586,686]",1
train/3_65_0_4_0_1/0000.png,"[147,170,487,570]",1
train/3_40_0_4_0_2/0007.png,"[167,155,501,561]",1
train/1_22_0_4_0_4/0004.png,"[145,121,596,705]",1
train/2_77_0_4_0_3/0006.png,"[101,220,341,498]",1
train/1_20_0_4_0_1/0001.png,"[89,34,420,416]",1
train/1_21_0_4_0_1/0008.png,"[156,182,605,717]",1
train/2_74_0_4_0_3/0006.png,"[98,93,413,530]",1
train/3_65_0_4_0_1/0002.png,"[149,132,498,545]",1
train/1_12_0_4_0_3/0001.png,"[262,176,962,1186]",1
train/3_40_0_4_0_2/0003.png,"[104,109,413,504]",1
train/3_39_0_4_0_2/0004.png,"[44,67,187,232]",1
train/1_21_0_4_0_2/0003.png,"[203,236,609,757]",1
train/2_80_0_4_0_4/0000.png,"[104,121,369,450]",1
train/2_69_0_4_0_3/0004.png,"[130,108,435,462]",1
train/3_82_0_4_0_3/0003.png,"[126,130,404,481]",1
train/2_77_0_4_0_4/0001.png,"[97,133,365,461]",1
train/2_75_0_4_0_3/0007.png,"[222,274,851,1099]",1
train/1_13_0_4_0_1/0007.png,"[137,65,398,391]",1
train/3_81_0_4_0_4/0000.png,"[219,118,674,700]",1
train/2_69_0_4_0_2/0008.png,"[71,59,258,266]",1
train/1_13_0_4_0_1/0003.png,"[167,213,441,547]",1
train/2_55_0_4_0_1/0004.png,"[68,92,295,346]",1
train/3_52_0_4_0_1/0001.png,"[146,205,463,579]",1
train/2_71_0_4_0_3/0004.png,"[94,123,341,402]",1
train/2_77_0_4_0_4/0003.png,"[97,134,360,461]",1
train/3_81_0_4_0_2/0000.png,"[206,145,650,728]",1
train/1_20_0_4_0_1/0006.png,"[106,35,427,419]",1
train/2_77_0_4_0_2/0006.png,"[55,102,229,263]",1
train/2_74_0_4_0_3/0005.png,"[95,155,407,521]",1
train/3_32_0_4_0_1/0008.png,"[140,170,495,658]",1
train/2_54_0_4_0_2/0007.png,"[166,148,491,581]",1
train/2_55_0_4_0_1/0005.png,"[90,98,302,364]",1
train/1_25_0_4_0_3/0007.png,"[419,327,1304,1496]",1
train/2_72_0_4_0_2/0000.png,"[144,161,418,541]",1
train/1_19_0_4_0_3/0009.png,"[104,159,408,541]",1
train/1_08_0_4_0_1/0008.png,"[67,55,285,346]",1
train/1_18_0_4_0_3/0002.png,"[249,343,945,1172]",1
train/1_83_0_4_0_1/0007.png,"[86,34,424,502]",1
train/1_13_0_4_0_1/0001.png,"[172,222,453,560]",1
train/2_78_0_4_0_2/0006.png,"[169,121,574,645]",1
train/1_12_0_4_0_2/0003.png,"[140,82,529,638]",1
train/3_53_0_4_0_2/0006.png,"[343,523,659,960]",1
train/2_72_0_4_0_2/0008.png,"[110,104,407,513]",1
train/2_73_0_4_0_3/0006.png,"[193,171,456,491]",1
train/1_08_0_4_0_2/0004.png,"[137,109,484,562]",1
train/2_74_0_4_0_2/0004.png,"[56,79,233,302]",1
train/1_20_0_4_0_2/0007.png,"[162,110,644,727]",1
train/2_77_0_4_0_2/0009.png,"[64,80,216,281]",1
train/2_79_0_4_0_1/0000.png,"[110,134,363,436]",1
train/2_74_0_4_0_2/0007.png,"[64,64,241,299]",1
train/3_65_0_4_0_4/0008.png,"[111,171,435,561]",1
train/3_45_0_4_0_4/0008.png,"[90,138,291,380]",1
train/3_81_0_4_0_1/0002.png,"[118,117,376,460]",1
train/1_08_0_4_0_3/0004.png,"[239,212,868,1077]",1
train/2_69_0_4_0_1/0002.png,"[113,116,407,455]",1
train/2_55_0_4_0_2/0001.png,"[141,130,519,599]",1
train/1_07_0_4_0_2/0002.png,"[158,154,409,462]",1
train/2_69_0_4_0_3/0002.png,"[99,142,382,476]",1
train/2_54_0_4_0_2/0008.png,"[130,164,469,623]",1
train/3_32_0_4_0_2/0006.png,"[86,112,284,350]",1
train/2_55_0_4_0_4/0000.png,"[96,148,478,599]",1
train/2_73_0_4_0_4/0004.png,"[101,144,277,362]",1
train/3_65_0_4_0_3/0008.png,"[167,208,482,605]",1
train/3_31_0_4_0_2/0006.png,"[117,150,510,624]",1
train/3_53_0_4_0_3/0009.png,"[172,280,832,1096]",1
train/1_07_0_4_0_2/0008.png,"[116,155,378,464]",1
train/3_82_0_4_0_1/0001.png,"[100,139,371,458]",1
train/3_45_0_4_0_1/0003.png,"[50,94,215,273]",1
train/3_82_0_4_0_3/0000.png,"[100,125,396,471]",1
train/3_59_0_4_0_1/0006.png,"[131,56,417,467]",1
train/1_22_0_4_0_3/0004.png,"[242,228,1015,1262]",1
train/3_40_0_4_0_1/0003.png,"[92,102,247,307]",1
train/1_07_0_4_0_4/0001.png,"[181,175,441,486]",1
train/3_82_0_4_0_3/0009.png,"[95,114,392,469]",1
train/3_52_0_4_0_1/0006.png,"[89,233,432,583]",1
train/2_71_0_4_0_1/0001.png,"[94,95,302,351]",1
train/2_76_0_4_0_1/0007.png,"[76,57,341,415]",1
train/2_73_0_4_0_4/0006.png,"[122,149,313,366]",1
train/1_06_0_4_0_2/0000.png,"[95,129,376,499]",1
train/3_64_0_4_0_4/0006.png,"[144,85,633,695]",1
train/3_26_0_4_0_1/0004.png,"[52,80,217,285]",1
train/3_52_0_4_0_4/0001.png,"[118,182,447,575]",1
train/3_64_0_4_0_2/0002.png,"[134,122,507,610]",1
train/2_70_0_4_0_4/0009.png,"[100,125,490,588]",1
train/1_06_0_4_0_3/0002.png,"[240,254,791,950]",1
train/2_78_0_4_0_1/0007.png,"[95,45,372,399]",1
train/1_10_0_4_0_4/0008.png,"[174,145,493,562]",1
train/1_08_0_4_0_1/0004.png,"[70,58,288,345]",1
train/2_72_0_4_0_1/0007.png,"[78,59,256,287]",1
train/1_18_0_4_0_2/0005.png,"[148,180,508,638]",1
train/3_45_0_4_0_3/0001.png,"[121,116,419,447]",1
train/3_40_0_4_0_2/0009.png,"[173,149,507,541]",1
train/3_45_0_4_0_4/0003.png,"[73,143,271,384]",1
train/1_83_0_4_0_3/0001.png,"[101,66,420,503]",1
train/3_45_0_4_0_4/0004.png,"[73,151,277,386]",1
train/1_20_0_4_0_3/0003.png,"[255,265,1144,1328]",1
train/2_73_0_4_0_4/0000.png,"[130,206,318,423]",1
train/1_24_0_4_0_1/0001.png,"[69,113,227,300]",1
train/3_26_0_4_0_4/0009.png,"[87,143,399,499]",1
train/2_73_0_4_0_4/0002.png,"[79,207,255,420]",1
train/3_59_0_4_0_4/0000.png,"[126,59,402,447]",1
train/1_21_0_4_0_1/0007.png,"[239,226,664,757]",1
train/2_77_0_4_0_4/0005.png,"[95,140,355,461]",1
train/3_65_0_4_0_3/0003.png,"[167,193,507,593]",1
train/1_06_0_4_0_1/0000.png,"[68,64,234,300]",1
train/3_39_0_4_0_4/0001.png,"[71,166,289,422]",1
train/3_45_0_4_0_4/0007.png,"[83,156,288,366]",1
train/3_26_0_4_0_2/0002.png,"[97,113,442,512]",1
train/3_33_0_4_0_3/0004.png,"[237,120,859,1035]",1
train/2_79_0_4_0_3/0003.png,"[145,198,428,478]",1
train/3_26_0_4_0_2/0005.png,"[96,132,415,503]",1
train/1_12_0_4_0_4/0007.png,"[160,104,601,697]",1
train/1_10_0_4_0_4/0005.png,"[106,114,473,578]",1
train/3_45_0_4_0_3/0000.png,"[84,127,387,467]",1
train/2_54_0_4_0_4/0005.png,"[158,139,556,678]",1
train/1_22_0_4_0_1/0008.png,"[89,70,350,416]",1
train/2_72_0_4_0_2/0005.png,"[120,148,412,510]",1
train/1_18_0_4_0_1/0003.png,"[100,83,340,392]",1
train/1_24_0_4_0_3/0005.png,"[165,98,473,448]",1
train/2_78_0_4_0_4/0006.png,"[190,80,694,726]",1
train/3_52_0_4_0_3/0000.png,"[205,187,545,608]",1
train/3_82_0_4_0_1/0008.png,"[104,147,370,449]",1
train/3_45_0_4_0_1/0000.png,"[50,96,205,277]",1
train/3_39_0_4_0_2/0000.png,"[52,71,175,228]",1
train/3_53_0_4_0_3/0008.png,"[214,230,861,1063]",1
train/1_24_0_4_0_3/0002.png,"[162,135,460,520]",1
train/2_55_0_4_0_3/0008.png,"[151,186,544,648]",1
train/3_26_0_4_0_1/0001.png,"[56,109,228,313]",1
train/2_79_0_4_0_2/0009.png,"[50,115,193,264]",1
train/1_08_0_4_0_1/0000.png,"[74,56,287,337]",1
train/3_59_0_4_0_3/0007.png,"[151,83,444,496]",1
train/3_53_0_4_0_2/0009.png,"[344,515,654,969]",1
train/1_21_0_4_0_4/0000.png,"[211,138,621,640]",1
train/2_75_0_4_0_3/0008.png,"[230,268,888,1099]",1
train/3_52_0_4_0_4/0009.png,"[90,185,433,610]",1
train/2_79_0_4_0_4/0009.png,"[79,157,336,449]",1
train/1_19_0_4_0_1/0006.png,"[124,159,423,506]",1
train/1_08_0_4_0_3/0005.png,"[215,177,855,1030]",1
train/3_33_0_4_0_3/0001.png,"[227,112,853,1048]",1
train/1_10_0_4_0_3/0009.png,"[207,293,833,1054]",1
train/3_40_0_4_0_4/0005.png,"[154,203,453,562]",1
train/3_82_0_4_0_3/0001.png,"[111,112,394,458]",1
train/3_65_0_4_0_4/0009.png,"[153,137,503,573]",1
train/2_54_0_4_0_2/0001.png,"[116,126,490,586]",1
train/2_79_0_4_0_3/0001.png,"[145,220,429,484]",1
train/3_53_0_4_0_3/0002.png,"[201,237,872,1080]",1
train/3_31_0_4_0_2/0008.png,"[117,163,521,618]",1
train/1_06_0_4_0_3/0008.png,"[228,249,754,981]",1
train/1_23_0_4_0_2/0004.png,"[81,132,302,377]",1
train/1_13_0_4_0_1/0008.png,"[125,45,412,389]",1
train/1_06_0_4_0_1/0005.png,"[72,73,242,304]",1
train/3_31_0_4_0_4/0003.png,"[112,169,554,672]",1
train/2_70_0_4_0_1/0006.png,"[88,57,298,334]",1
train/1_07_0_4_0_2/0006.png,"[76,153,340,466]",1
train/2_70_0_4_0_1/0003.png,"[70,66,286,329]",1
train/2_56_0_4_0_1/0004.png,"[207,105,614,639]",1
train/3_34_0_4_0_3/0004.png,"[221,87,354,262]",1
train/2_71_0_4_0_4/0002.png,"[124,133,334,366]",1
train/1_22_0_4_0_2/0000.png,"[126,197,525,711]",1
train/1_23_0_4_0_4/0009.png,"[145,168,518,600]",1
train/1_13_0_4_0_2/0001.png,"[272,399,690,920]",1
train/2_56_0_4_0_3/0009.png,"[213,126,644,711]",1
train/1_22_0_4_0_1/0001.png,"[69,87,334,424]",1
train/1_19_0_4_0_3/0001.png,"[140,152,435,520]",1
train/1_06_0_4_0_1/0003.png,"[60,64,240,296]",1
train/2_78_0_4_0_3/0008.png,"[290,418,1046,1335]",1
train/3_39_0_4_0_1/0003.png,"[132,112,351,383]",1
train/1_18_0_4_0_1/0005.png,"[102,79,344,398]",1
train/3_31_0_4_0_1/0000.png,"[74,66,330,362]",1
train/3_45_0_4_0_2/0002.png,"[105,166,388,506]",1
train/1_24_0_4_0_1/0009.png,"[118,134,272,337]",1
train/1_24_0_4_0_2/0005.png,"[245,101,516,448]",1
train/3_40_0_4_0_3/0005.png,"[198,188,505,572]",1
train/3_52_0_4_0_2/0004.png,"[361,27,533,237]",1
train/2_77_0_4_0_4/0008.png,"[114,211,377,486]",1
train/3_81_0_4_0_2/0001.png,"[158,167,596,709]",1
train/1_12_0_4_0_4/0009.png,"[189,116,609,692]",1
train/2_74_0_4_0_1/0009.png,"[88,142,382,536]",1
train/2_74_0_4_0_3/0007.png,"[132,116,452,554]",1
train/2_72_0_4_0_1/0001.png,"[75,51,256,309]",1
train/1_07_0_4_0_4/0007.png,"[146,170,399,479]",1
train/2_71_0_4_0_1/0006.png,"[92,174,295,404]",1
train/1_25_0_4_0_3/0004.png,"[354,240,1231,1457]",1
train/2_73_0_4_0_1/0001.png,"[89,98,227,262]",1
train/3_45_0_4_0_1/0006.png,"[46,96,193,272]",1
train/3_64_0_4_0_4/0007.png,"[146,86,620,700]",1
train/3_45_0_4_0_1/0002.png,"[52,103,211,273]",1
train/1_83_0_4_0_2/0008.png,"[49,44,236,283]",1
train/2_54_0_4_0_1/0001.png,"[118,68,341,367]",1
train/1_13_0_4_0_1/0006.png,"[178,78,452,406]",1
train/1_20_0_4_0_3/0000.png,"[267,263,1127,1338]",1
train/1_10_0_4_0_2/0003.png,"[95,152,394,541]",1
train/2_78_0_4_0_4/0004.png,"[197,88,673,705]",1
train/2_56_0_4_0_3/0006.png,"[160,84,563,620]",1
train/1_07_0_4_0_1/0003.png,"[91,98,244,280]",1
train/2_77_0_4_0_4/0006.png,"[115,212,365,480]",1
train/3_32_0_4_0_4/0003.png,"[163,179,484,631]",1
train/3_31_0_4_0_1/0001.png,"[59,45,315,368]",1
train/1_06_0_4_0_4/0005.png,"[114,87,422,499]",1
train/2_70_0_4_0_1/0005.png,"[100,70,305,342]",1
train/2_74_0_4_0_4/0000.png,"[107,153,410,575]",1
train/2_79_0_4_0_4/0000.png,"[101,174,355,455]",1
train/1_06_0_4_0_1/0007.png,"[55,86,227,301]",1
train/1_19_0_4_0_2/0000.png,"[166,155,453,525]",1
train/2_79_0_4_0_1/0003.png,"[107,190,378,524]",1
train/2_69_0_4_0_3/0009.png,"[104,172,415,516]",1
train/1_25_0_4_0_3/0005.png,"[336,230,1225,1493]",1
train/1_13_0_4_0_4/0000.png,"[292,363,796,968]",1
train/2_73_0_4_0_2/0007.png,"[164,255,426,550]",1
train/2_80_0_4_0_2/0005.png,"[139,74,507,563]",1
train/2_76_0_4_0_2/0005.png,"[124,112,509,621]",1
train/3_52_0_4_0_3/0001.png,"[112,238,435,619]",1
train/1_20_0_4_0_4/0007.png,"[196,83,727,767]",1
train/3_82_0_4_0_4/0007.png,"[89,142,365,466]",1
train/2_72_0_4_0_3/0005.png,"[228,158,846,982]",1
train/1_06_0_4_0_4/0004.png,"[106,94,406,513]",1
train/2_56_0_4_0_1/0005.png,"[192,125,586,641]",1
train/3_32_0_4_0_4/0000.png,"[174,174,494,598]",1
train/3_39_0_4_0_4/0004.png,"[113,186,328,443]",1
train/3_52_0_4_0_2/0009.png,"[309,2,494,213]",1
train/2_72_0_4_0_1/0006.png,"[79,50,273,307]",1
train/1_18_0_4_0_2/0001.png,"[141,180,513,655]",1
train/2_54_0_4_0_2/0009.png,"[116,107,471,580]",1
train/2_77_0_4_0_4/0009.png,"[98,123,371,461]",1
train/1_24_0_4_0_4/0008.png,"[110,168,309,402]",1
train/1_10_0_4_0_3/0001.png,"[181,272,786,1008]",1
train/1_21_0_4_0_1/0005.png,"[197,149,608,673]",1
train/3_39_0_4_0_3/0007.png,"[84,110,301,396]",1
train/3_45_0_4_0_4/0000.png,"[77,132,270,357]",1
train/1_13_0_4_0_4/0008.png,"[222,75,742,700]",1
train/2_78_0_4_0_3/0003.png,"[348,268,1086,1204]",1
train/2_79_0_4_0_2/0000.png,"[73,104,211,259]",1
train/2_70_0_4_0_1/0007.png,"[70,79,291,346]",1
train/1_83_0_4_0_4/0001.png,"[101,56,410,485]",1
train/1_06_0_4_0_2/0009.png,"[108,148,401,498]",1
train/3_52_0_4_0_3/0008.png,"[215,230,548,644]",1
train/2_56_0_4_0_4/0004.png,"[171,129,542,670]",1
train/3_53_0_4_0_2/0002.png,"[362,493,677,946]",1
train/1_07_0_4_0_3/0008.png,"[115,145,392,474]",1
train/1_20_0_4_0_4/0008.png,"[193,54,726,741]",1
train/2_71_0_4_0_4/0001.png,"[85,159,286,395]",1
train/3_45_0_4_0_1/0004.png,"[53,100,209,273]",1
train/1_22_0_4_0_3/0008.png,"[238,227,1034,1260]",1
train/2_73_0_4_0_3/0007.png,"[108,197,368,509]",1
train/1_13_0_4_0_4/0004.png,"[274,341,741,940]",1
train/1_83_0_4_0_3/0002.png,"[125,62,437,491]",1
train/1_07_0_4_0_1/0007.png,"[78,107,219,282]",1
train/2_79_0_4_0_1/0005.png,"[126,156,398,477]",1
train/3_82_0_4_0_4/0009.png,"[61,143,345,470]",1
train/1_83_0_4_0_2/0004.png,"[51,47,233,281]",1
train/3_26_0_4_0_4/0006.png,"[96,135,414,511]",1
train/3_31_0_4_0_3/0008.png,"[156,190,810,1003]",1
train/3_65_0_4_0_1/0003.png,"[138,207,469,582]",1
train/1_12_0_4_0_2/0009.png,"[159,64,534,625]",1
train/3_45_0_4_0_2/0000.png,"[83,124,381,469]",1
train/2_54_0_4_0_4/0003.png,"[172,91,569,611]",1
train/1_21_0_4_0_4/0003.png,"[164,149,572,655]",1
train/3_39_0_4_0_1/0004.png,"[90,95,302,369]",1
train/1_19_0_4_0_3/0003.png,"[133,154,418,508]",1
train/1_06_0_4_0_4/0006.png,"[133,90,444,514]",1
train/2_56_0_4_0_2/0003.png,"[104,67,333,364]",1
train/2_79_0_4_0_4/0005.png,"[73,182,338,467]",1
train/3_65_0_4_0_2/0006.png,"[83,72,265,309]",1
train/2_76_0_4_0_2/0001.png,"[137,111,531,621]",1
train/1_07_0_4_0_3/0009.png,"[123,137,400,471]",1
train/2_77_0_4_0_2/0007.png,"[53,97,196,278]",1
train/1_24_0_4_0_3/0000.png,"[184,94,487,484]",1
train/1_20_0_4_0_2/0002.png,"[145,149,578,692]",1
train/1_10_0_4_0_3/0004.png,"[170,262,789,997]",1
train/1_06_0_4_0_2/0008.png,"[89,168,392,513]",1
train/2_77_0_4_0_2/0005.png,"[45,108,201,284]",1
train/2_75_0_4_0_3/0009.png,"[223,274,853,1100]",1
train/2_72_0_4_0_2/0009.png,"[108,114,402,523]",1
train/1_10_0_4_0_1/0005.png,"[69,90,281,330]",1
train/3_65_0_4_0_4/0006.png,"[128,142,458,539]",1
train/2_79_0_4_0_3/0006.png,"[160,183,422,469]",1
train/3_64_0_4_0_3/0007.png,"[222,375,992,1197]",1
train/1_12_0_4_0_3/0003.png,"[280,80,1010,1137]",1
train/1_10_0_4_0_2/0008.png,"[144,138,461,539]",1
train/2_69_0_4_0_1/0000.png,"[92,130,393,476]",1
train/2_72_0_4_0_3/0001.png,"[204,228,782,994]",1
train/2_56_0_4_0_1/0008.png,"[152,74,528,613]",1
train/1_22_0_4_0_1/0000.png,"[81,79,321,415]",1
train/1_21_0_4_0_3/0002.png,"[170,199,595,738]",1
train/1_07_0_4_0_4/0008.png,"[153,179,413,487]",1
train/3_33_0_4_0_3/0000.png,"[223,116,874,1051]",1
train/1_18_0_4_0_4/0008.png,"[149,141,566,695]",1
train/1_22_0_4_0_4/0001.png,"[134,144,574,713]",1
train/3_64_0_4_0_2/0004.png,"[142,124,502,601]",1
train/2_80_0_4_0_2/0003.png,"[145,108,509,568]",1
train/3_53_0_4_0_1/0007.png,"[90,79,321,372]",1
train/1_23_0_4_0_3/0003.png,"[225,243,640,746]",1
train/2_69_0_4_0_2/0007.png,"[64,74,255,278]",1
train/1_13_0_4_0_2/0006.png,"[282,130,741,705]",1
train/2_79_0_4_0_1/0008.png,"[83,158,348,466]",1
train/1_12_0_4_0_4/0008.png,"[164,29,595,665]",1
train/3_26_0_4_0_4/0004.png,"[99,111,413,478]",1
train/2_73_0_4_0_4/0009.png,"[114,148,292,361]",1
train/2_74_0_4_0_2/0001.png,"[68,92,244,308]",1
train/3_26_0_4_0_3/0004.png,"[120,134,431,516]",1
train/3_64_0_4_0_3/0001.png,"[276,251,1002,1192]",1
train/2_54_0_4_0_3/0007.png,"[243,230,867,1054]",1
train/2_55_0_4_0_4/0006.png,"[162,155,539,619]",1
train/1_08_0_4_0_3/0001.png,"[186,188,824,1031]",1
train/2_76_0_4_0_2/0006.png,"[133,118,508,614]",1
train/2_76_0_4_0_3/0005.png,"[243,278,951,1198]",1
train/2_55_0_4_0_1/0008.png,"[73,86,283,345]",1
train/1_18_0_4_0_4/0001.png,"[167,155,593,695]",1
train/3_26_0_4_0_1/0007.png,"[49,83,219,290]",1
train/1_83_0_4_0_4/0008.png,"[108,63,413,493]",1
train/3_32_0_4_0_2/0000.png,"[102,102,278,340]",1
train/1_21_0_4_0_4/0007.png,"[176,202,581,697]",1
train/2_79_0_4_0_1/0004.png,"[151,200,400,483]",1
train/3_31_0_4_0_2/0002.png,"[123,157,509,626]",1
train/2_73_0_4_0_1/0006.png,"[101,95,248,269]",1
train/3_52_0_4_0_1/0003.png,"[177,176,492,559]",1
train/3_82_0_4_0_3/0002.png,"[90,104,383,464]",1
train/3_32_0_4_0_4/0009.png,"[132,163,454,639]",1
train/3_31_0_4_0_2/0005.png,"[120,142,504,634]",1
train/1_08_0_4_0_2/0009.png,"[113,98,467,547]",1
train/2_73_0_4_0_3/0003.png,"[213,212,470,520]",1
train/3_31_0_4_0_2/0000.png,"[138,179,510,621]",1
train/1_08_0_4_0_4/0005.png,"[138,66,514,558]",1
train/1_24_0_4_0_3/0006.png,"[220,177,509,553]",1
train/1_18_0_4_0_1/0000.png,"[105,86,354,415]",1
train/3_53_0_4_0_4/0003.png,"[152,146,533,622]",1
train/2_73_0_4_0_2/0005.png,"[201,185,458,519]",1
train/1_21_0_4_0_3/0009.png,"[234,223,641,738]",1
train/3_64_0_4_0_4/0004.png,"[143,79,585,689]",1
train/1_19_0_4_0_4/0007.png,"[59,135,270,393]",1
train/1_07_0_4_0_4/0000.png,"[171,179,428,492]",1
train/3_39_0_4_0_1/0006.png,"[95,98,308,363]",1
train/2_69_0_4_0_1/0007.png,"[87,143,381,489]",1
train/3_40_0_4_0_4/0009.png,"[171,145,464,504]",1
train/3_65_0_4_0_4/0003.png,"[108,198,448,576]",1
train/2_78_0_4_0_1/0003.png,"[138,66,390,405]",1
train/1_18_0_4_0_3/0006.png,"[215,247,918,1174]",1
train/1_08_0_4_0_4/0004.png,"[109,72,503,594]",1
train/3_33_0_4_0_3/0005.png,"[195,111,840,1004]",1
train/2_56_0_4_0_4/0003.png,"[157,130,537,614]",1
train/1_08_0_4_0_4/0002.png,"[141,61,533,571]",1
train/2_72_0_4_0_4/0004.png,"[137,70,482,504]",1
train/1_08_0_4_0_2/0006.png,"[132,112,477,562]",1
train/1_83_0_4_0_2/0005.png,"[56,42,242,283]",1
train/2_78_0_4_0_1/0008.png,"[139,114,392,433]",1
train/3_52_0_4_0_4/0007.png,"[91,255,422,605]",1
train/1_19_0_4_0_4/0000.png,"[70,137,278,400]",1
train/1_22_0_4_0_4/0007.png,"[132,85,595,694]",1
train/1_23_0_4_0_2/0005.png,"[142,138,357,380]",1
train/3_33_0_4_0_3/0003.png,"[209,124,828,1041]",1
train/2_78_0_4_0_3/0009.png,"[263,216,1042,1228]",1
train/1_10_0_4_0_1/0008.png,"[67,82,271,340]",1
train/1_12_0_4_0_4/0005.png,"[145,117,565,679]",1
train/2_73_0_4_0_2/0006.png,"[106,155,372,460]",1
train/3_39_0_4_0_3/0008.png,"[144,124,352,405]",1
train/1_83_0_4_0_1/0003.png,"[106,42,417,481]",1
train/3_33_0_4_0_3/0008.png,"[229,170,861,1006]",1
train/1_20_0_4_0_3/0001.png,"[235,270,1065,1311]",1
train/1_06_0_4_0_4/0000.png,"[98,82,418,520]",1
train/2_77_0_4_0_3/0000.png,"[93,189,362,484]",1
train/1_19_0_4_0_3/0008.png,"[143,169,447,547]",1
train/3_39_0_4_0_4/0008.png,"[68,193,254,440]",1
train/3_26_0_4_0_3/0002.png,"[120,118,447,513]",1
train/2_76_0_4_0_3/0006.png,"[248,298,984,1226]",1
train/3_31_0_4_0_4/0006.png,"[113,179,535,662]",1
train/1_22_0_4_0_2/0009.png,"[166,207,555,682]",1
train/2_79_0_4_0_3/0007.png,"[154,206,417,483]",1
train/3_52_0_4_0_2/0005.png,"[288,29,479,263]",1
train/2_76_0_4_0_3/0007.png,"[277,275,1011,1227]",1
train/3_81_0_4_0_3/0001.png,"[360,273,1213,1365]",1
train/3_53_0_4_0_1/0006.png,"[112,100,325,372]",1
train/1_07_0_4_0_4/0003.png,"[174,178,434,490]",1
train/3_81_0_4_0_1/0001.png,"[146,66,402,437]",1
train/2_71_0_4_0_3/0000.png,"[129,219,310,426]",1
train/2_56_0_4_0_3/0002.png,"[186,94,586,640]",1
train/1_25_0_4_0_3/0006.png,"[387,283,1267,1468]",1
train/2_73_0_4_0_3/0002.png,"[95,232,343,525]",1
train/3_52_0_4_0_1/0007.png,"[196,138,534,563]",1
train/2_73_0_4_0_3/0009.png,"[182,169,446,468]",1
train/3_32_0_4_0_3/0004.png,"[162,124,478,563]",1
train/2_79_0_4_0_4/0004.png,"[77,153,344,449]",1
train/3_53_0_4_0_1/0000.png,"[109,71,331,363]",1
train/2_78_0_4_0_1/0005.png,"[120,54,378,395]",1
train/3_81_0_4_0_3/0002.png,"[220,410,1025,1404]",1
train/2_56_0_4_0_1/0006.png,"[178,135,573,667]",1
train/2_72_0_4_0_4/0008.png,"[122,54,457,514]",1
train/2_75_0_4_0_1/0009.png,"[89,71,305,351]",1
train/1_21_0_4_0_2/0009.png,"[254,248,703,792]",1
train/2_72_0_4_0_1/0000.png,"[61,32,262,298]",1
train/1_24_0_4_0_2/0003.png,"[228,79,518,430]",1
train/2_80_0_4_0_4/0008.png,"[98,115,361,450]",1
train/3_53_0_4_0_4/0009.png,"[152,175,525,665]",1
train/1_23_0_4_0_3/0002.png,"[238,144,632,616]",1
train/2_76_0_4_0_4/0005.png,"[160,77,601,645]",1
train/1_12_0_4_0_2/0002.png,"[158,99,550,651]",1
train/3_52_0_4_0_1/0009.png,"[200,131,544,558]",1
train/3_40_0_4_0_2/0005.png,"[136,106,455,478]",1
train/1_18_0_4_0_4/0007.png,"[137,142,556,698]",1
train/1_21_0_4_0_4/0001.png,"[216,169,641,701]",1
train/3_53_0_4_0_2/0000.png,"[408,654,717,1042]",1
train/3_59_0_4_0_4/0005.png,"[110,84,407,482]",1
train/3_65_0_4_0_3/0006.png,"[140,190,459,588]",1
train/2_72_0_4_0_3/0002.png,"[183,203,781,986]",1
train/2_55_0_4_0_2/0000.png,"[177,157,542,614]",1
train/2_72_0_4_0_4/0001.png,"[135,73,484,537]",1
train/3_52_0_4_0_2/0001.png,"[288,27,482,266]",1
train/1_23_0_4_0_1/0000.png,"[271,137,642,580]",1
train/2_75_0_4_0_1/0003.png,"[89,71,301,336]",1
train/1_20_0_4_0_1/0003.png,"[91,50,407,429]",1
train/3_64_0_4_0_2/0006.png,"[144,147,508,611]",1
train/1_13_0_4_0_4/0006.png,"[233,88,745,700]",1
train/2_79_0_4_0_3/0002.png,"[150,190,422,469]",1
train/1_13_0_4_0_4/0001.png,"[289,341,796,965]",1
train/3_53_0_4_0_3/0001.png,"[209,193,850,1059]",1
train/1_83_0_4_0_4/0003.png,"[113,68,434,499]",1
train/3_53_0_4_0_1/0001.png,"[109,55,322,366]",1
train/2_77_0_4_0_4/0002.png,"[111,200,349,479]",1
train/3_64_0_4_0_3/0006.png,"[226,270,989,1219]",1
train/1_24_0_4_0_1/0005.png,"[106,141,263,340]",1
train/2_71_0_4_0_2/0008.png,"[42,106,158,235]",1
train/2_72_0_4_0_2/0007.png,"[117,128,400,527]",1
train/2_56_0_4_0_1/0009.png,"[121,38,553,576]",1
train/3_53_0_4_0_1/0005.png,"[81,92,302,372]",1
train/1_07_0_4_0_1/0001.png,"[93,98,234,272]",1
train/3_52_0_4_0_4/0003.png,"[103,205,417,566]",1
train/1_10_0_4_0_2/0009.png,"[138,153,490,549]",1
train/1_18_0_4_0_2/0008.png,"[117,167,488,636]",1
train/1_12_0_4_0_4/0002.png,"[178,65,597,675]",1
train/2_69_0_4_0_2/0002.png,"[55,96,217,282]",1
train/2_55_0_4_0_3/0000.png,"[142,189,544,673]",1
train/2_56_0_4_0_2/0008.png,"[106,43,328,351]",1
train/3_52_0_4_0_2/0003.png,"[308,40,484,264]",1
train/2_55_0_4_0_1/0006.png,"[106,83,313,348]",1
train/1_12_0_4_0_4/0000.png,"[171,125,593,699]",1
train/2_72_0_4_0_1/0003.png,"[72,47,264,303]",1
train/1_21_0_4_0_3/0008.png,"[215,232,643,780]",1
train/3_45_0_4_0_4/0006.png,"[80,159,284,389]",1
train/2_69_0_4_0_3/0000.png,"[116,131,415,475]",1
train/1_06_0_4_0_4/0008.png,"[128,95,438,502]",1
train/3_31_0_4_0_3/0005.png,"[124,182,826,1008]",1
train/1_10_0_4_0_1/0006.png,"[78,89,259,330]",1
train/3_64_0_4_0_3/0009.png,"[231,273,969,1201]",1
train/2_54_0_4_0_4/0000.png,"[193,131,598,652]",1
train/3_53_0_4_0_1/0002.png,"[107,94,306,372]",1
train/2_74_0_4_0_4/0004.png,"[110,133,412,546]",1
train/3_81_0_4_0_1/0006.png,"[142,130,402,475]",1
train/1_07_0_4_0_3/0000.png,"[160,124,454,485]",1
train/3_53_0_4_0_3/0003.png,"[201,128,872,1056]",1
train/2_76_0_4_0_3/0001.png,"[249,290,984,1213]",1
train/1_21_0_4_0_3/0000.png,"[210,140,618,686]",1
train/1_06_0_4_0_2/0002.png,"[111,143,381,527]",1
train/1_24_0_4_0_3/0007.png,"[209,92,508,494]",1
train/1_12_0_4_0_1/0001.png,"[96,30,339,399]",1
train/3_64_0_4_0_4/0001.png,"[166,132,632,704]",1
train/2_79_0_4_0_4/0002.png,"[129,166,383,455]",1
train/1_25_0_4_0_4/0003.png,"[252,54,811,802]",1
train/3_31_0_4_0_2/0003.png,"[121,172,507,627]",1
train/3_39_0_4_0_3/0002.png,"[100,157,318,429]",1
train/2_79_0_4_0_4/0007.png,"[126,148,394,453]",1
train/2_74_0_4_0_1/0003.png,"[117,145,409,535]",1
train/3_31_0_4_0_1/0003.png,"[69,55,316,366]",1
train/1_19_0_4_0_2/0007.png,"[101,102,404,492]",1
train/3_40_0_4_0_1/0008.png,"[99,98,265,302]",1
train/2_73_0_4_0_2/0000.png,"[157,145,420,461]",1
train/1_21_0_4_0_2/0004.png,"[196,217,586,712]",1
train/3_65_0_4_0_2/0008.png,"[70,59,256,293]",1
train/2_56_0_4_0_1/0000.png,"[171,57,553,582]",1
train/2_79_0_4_0_1/0006.png,"[103,154,364,461]",1
train/1_25_0_4_0_1/0009.png,"[142,69,461,504]",1
train/2_75_0_4_0_3/0002.png,"[212,346,838,1099]",1
train/3_82_0_4_0_2/0008.png,"[63,88,204,226]",1
train/3_40_0_4_0_4/0003.png,"[171,109,476,468]",1
train/3_65_0_4_0_3/0001.png,"[159,203,475,602]",1
train/2_80_0_4_0_4/0002.png,"[104,120,361,447]",1
train/3_81_0_4_0_2/0004.png,"[226,174,648,761]",1
train/2_71_0_4_0_2/0002.png,"[57,114,190,225]",1
train/2_56_0_4_0_2/0000.png,"[105,34,318,324]",1
train/1_83_0_4_0_4/0007.png,"[111,63,420,474]",1
train/3_81_0_4_0_3/0004.png,"[405,490,1180,1468]",1
train/1_07_0_4_0_2/0009.png,"[127,137,389,462]",1
train/2_74_0_4_0_1/0005.png,"[130,115,422,526]",1
train/3_31_0_4_0_2/0009.png,"[111,128,513,639]",1
train/2_72_0_4_0_1/0004.png,"[85,54,259,310]",1
train/3_65_0_4_0_1/0008.png,"[108,136,486,572]",1
train/2_54_0_4_0_1/0003.png,"[98,81,316,363]",1
train/1_25_0_4_0_2/0006.png,"[190,110,654,755]",1
train/2_55_0_4_0_2/0005.png,"[172,108,543,598]",1
train/3_31_0_4_0_4/0007.png,"[108,146,548,646]",1
train/3_45_0_4_0_2/0004.png,"[126,157,418,505]",1
train/2_76_0_4_0_4/0001.png,"[174,72,602,635]",1
train/3_64_0_4_0_2/0009.png,"[124,119,512,620]",1
train/2_56_0_4_0_4/0000.png,"[154,58,523,543]",1
train/3_31_0_4_0_2/0007.png,"[117,137,505,630]",1
train/3_81_0_4_0_4/0008.png,"[264,173,763,826]",1
train/2_71_0_4_0_3/0003.png,"[89,185,328,425]",1
train/1_24_0_4_0_2/0004.png,"[159,144,470,541]",1
train/1_08_0_4_0_2/0000.png,"[128,84,473,549]",1
train/2_71_0_4_0_1/0003.png,"[102,182,308,388]",1
train/3_65_0_4_0_1/0004.png,"[123,90,489,531]",1
train/3_39_0_4_0_2/0006.png,"[30,72,171,239]",1
train/1_21_0_4_0_1/0004.png,"[177,202,628,736]",1
train/1_83_0_4_0_1/0002.png,"[105,45,410,471]",1
train/1_20_0_4_0_4/0000.png,"[180,88,696,736]",1
train/3_31_0_4_0_4/0005.png,"[131,150,521,660]",1
train/1_13_0_4_0_3/0003.png,"[452,685,1230,1591]",1
train/1_10_0_4_0_3/0003.png,"[135,249,762,994]",1
train/2_54_0_4_0_1/0006.png,"[107,71,345,382]",1
train/2_74_0_4_0_4/0003.png,"[150,133,459,550]",1
train/3_82_0_4_0_2/0007.png,"[43,57,195,231]",1
train/2_70_0_4_0_4/0000.png,"[145,127,525,577]",1
train/2_70_0_4_0_4/0008.png,"[138,93,515,582]",1
train/3_65_0_4_0_2/0002.png,"[99,125,254,313]",1
train/1_20_0_4_0_2/0005.png,"[190,139,656,740]",1
train/2_56_0_4_0_1/0007.png,"[154,121,532,624]",1
train/2_70_0_4_0_4/0004.png,"[126,148,501,610]",1
train/3_45_0_4_0_2/0005.png,"[127,148,427,506]",1
train/3_81_0_4_0_3/0006.png,"[384,409,1120,1404]",1
train/2_75_0_4_0_2/0002.png,"[77,135,436,538]",1
train/3_65_0_4_0_1/0005.png,"[159,185,509,606]",1
train/1_22_0_4_0_2/0002.png,"[146,209,533,688]",1
train/1_25_0_4_0_4/0005.png,"[235,75,775,787]",1
train/1_20_0_4_0_4/0009.png,"[198,75,719,770]",1
train/3_81_0_4_0_3/0009.png,"[357,316,1143,1381]",1
train/3_52_0_4_0_3/0007.png,"[102,210,439,620]",1
train/3_81_0_4_0_1/0004.png,"[143,161,398,471]",1
train/1_08_0_4_0_4/0009.png,"[153,81,527,569]",1
train/1_23_0_4_0_4/0004.png,"[136,173,517,623]",1
train/1_13_0_4_0_1/0004.png,"[163,210,435,557]",1
train/2_79_0_4_0_1/0002.png,"[58,184,327,507]",1
train/1_10_0_4_0_1/0003.png,"[74,100,259,335]",1
train/2_54_0_4_0_1/0009.png,"[107,94,329,386]",1
train/3_52_0_4_0_3/0004.png,"[170,140,519,567]",1
train/2_55_0_4_0_2/0003.png,"[132,96,544,598]",1
train/2_74_0_4_0_1/0000.png,"[92,149,392,561]",1
train/1_24_0_4_0_4/0009.png,"[171,159,395,445]",1
